DATE,M1SL,M2SL,TB3MS,TB6MS,GDPC1,USRECQ,3M,1Y,2Y,3Y,5Y,7Y,10Y,20Y,30Y,DJIA_Open,DJIA_High,DJIA_Low,DJIA_Close,DJIA_Adj Close,DJIA_Volume,NYSE_Open,NYSE_High,NYSE_Low,NYSE_Close,NYSE_Adj Close,NYSE_Volume,SP500_Open,SP500_High,SP500_Low,SP500_Close,SP500_Adj Close,SP500_Volume
1854-09-30,,,,,,1.0,,,,,,,,,,,,,,,,,,,,,,,,,,,
1854-12-31,,,,,,0.0,,,,,,,,,,,,,,,,,,,,,,,,,,,
1855-03-31,,,,,,0.0,,,,,,,,,,,,,,,,,,,,,,,,,,,
1855-06-30,,,,,,0.0,,,,,,,,,,,,,,,,,,,,,,,,,,,
1855-09-30,,,,,,0.0,,,,,,,,,,,,,,,,,,,,,,,,,,,
1855-12-31,,,,,,0.0,,,,,,,,,,,,,,,,,,,,,,,,,,,
1856-03-31,,,,,,0.0,,,,,,,,,,,,,,,,,,,,,,,,,,,
1856-06-30,,,,,,0.0,,,,,,,,,,,,,,,,,,,,,,,,,,,
1856-09-30,,,,,,0.0,,,,,,,,,,,,,,,,,,,,,,,,,,,
1856-12-31,,,,,,0.0,,,,,,,,,,,,,,,,,,,,,,,,,,,
1857-03-31,,,,,,0.0,,,,,,,,,,,,,,,,,,,,,,,,,,,
1857-06-30,,,,,,1.0,,,,,,,,,,,,,,,,,,,,,,,,,,,
1857-09-30,,,,,,1.0,,,,,,,,,,,,,,,,,,,,,,,,,,,
1857-12-31,,,,,,1.0,,,,,,,,,,,,,,,,,,,,,,,,,,,
1858-03-31,,,,,,1.0,,,,,,,,,,,,,,,,,,,,,,,,,,,
1858-06-30,,,,,,1.0,,,,,,,,,,,,,,,,,,,,,,,,,,,
1858-09-30,,,,,,1.0,,,,,,,,,,,,,,,,,,,,,,,,,,,
1858-12-31,,,,,,0.0,,,,,,,,,,,,,,,,,,,,,,,,,,,
1859-03-31,,,,,,0.0,,,,,,,,,,,,,,,,,,,,,,,,,,,
1859-06-30,,,,,,0.0,,,,,,,,,,,,,,,,,,,,,,,,,,,
1859-09-30,,,,,,0.0,,,,,,,,,,,,,,,,,,,,,,,,,,,
1859-12-31,,,,,,0.0,,,,,,,,,,,,,,,,,,,,,,,,,,,
1860-03-31,,,,,,0.0,,,,,,,,,,,,,,,,,,,,,,,,,,,
1860-06-30,,,,,,0.0,,,,,,,,,,,,,,,,,,,,,,,,,,,
1860-09-30,,,,,,1.0,,,,,,,,,,,,,,,,,,,,,,,,,,,
1860-12-31,,,,,,1.0,,,,,,,,,,,,,,,,,,,,,,,,,,,
1861-03-31,,,,,,1.0,,,,,,,,,,,,,,,,,,,,,,,,,,,
1861-06-30,,,,,,1.0,,,,,,,,,,,,,,,,,,,,,,,,,,,
1861-09-30,,,,,,0.0,,,,,,,,,,,,,,,,,,,,,,,,,,,
1861-12-31,,,,,,0.0,,,,,,,,,,,,,,,,,,,,,,,,,,,
1862-03-31,,,,,,0.0,,,,,,,,,,,,,,,,,,,,,,,,,,,
1862-06-30,,,,,,0.0,,,,,,,,,,,,,,,,,,,,,,,,,,,
1862-09-30,,,,,,0.0,,,,,,,,,,,,,,,,,,,,,,,,,,,
1862-12-31,,,,,,0.0,,,,,,,,,,,,,,,,,,,,,,,,,,,
1863-03-31,,,,,,0.0,,,,,,,,,,,,,,,,,,,,,,,,,,,
1863-06-30,,,,,,0.0,,,,,,,,,,,,,,,,,,,,,,,,,,,
1863-09-30,,,,,,0.0,,,,,,,,,,,,,,,,,,,,,,,,,,,
1863-12-31,,,,,,0.0,,,,,,,,,,,,,,,,,,,,,,,,,,,
1864-03-31,,,,,,0.0,,,,,,,,,,,,,,,,,,,,,,,,,,,
1864-06-30,,,,,,0.0,,,,,,,,,,,,,,,,,,,,,,,,,,,
1864-09-30,,,,,,0.0,,,,,,,,,,,,,,,,,,,,,,,,,,,
1864-12-31,,,,,,0.0,,,,,,,,,,,,,,,,,,,,,,,,,,,
1865-03-31,,,,,,1.0,,,,,,,,,,,,,,,,,,,,,,,,,,,
1865-06-30,,,,,,1.0,,,,,,,,,,,,,,,,,,,,,,,,,,,
1865-09-30,,,,,,1.0,,,,,,,,,,,,,,,,,,,,,,,,,,,
1865-12-31,,,,,,1.0,,,,,,,,,,,,,,,,,,,,,,,,,,,
1866-03-31,,,,,,1.0,,,,,,,,,,,,,,,,,,,,,,,,,,,
1866-06-30,,,,,,1.0,,,,,,,,,,,,,,,,,,,,,,,,,,,
1866-09-30,,,,,,1.0,,,,,,,,,,,,,,,,,,,,,,,,,,,
1866-12-31,,,,,,1.0,,,,,,,,,,,,,,,,,,,,,,,,,,,
1867-03-31,,,,,,1.0,,,,,,,,,,,,,,,,,,,,,,,,,,,
1867-06-30,,,,,,1.0,,,,,,,,,,,,,,,,,,,,,,,,,,,
1867-09-30,,,,,,1.0,,,,,,,,,,,,,,,,,,,,,,,,,,,
1867-12-31,,,,,,1.0,,,,,,,,,,,,,,,,,,,,,,,,,,,
1868-03-31,,,,,,0.0,,,,,,,,,,,,,,,,,,,,,,,,,,,
1868-06-30,,,,,,0.0,,,,,,,,,,,,,,,,,,,,,,,,,,,
1868-09-30,,,,,,0.0,,,,,,,,,,,,,,,,,,,,,,,,,,,
1868-12-31,,,,,,0.0,,,,,,,,,,,,,,,,,,,,,,,,,,,
1869-03-31,,,,,,0.0,,,,,,,,,,,,,,,,,,,,,,,,,,,
1869-06-30,,,,,,1.0,,,,,,,,,,,,,,,,,,,,,,,,,,,
1869-09-30,,,,,,1.0,,,,,,,,,,,,,,,,,,,,,,,,,,,
1869-12-31,,,,,,1.0,,,,,,,,,,,,,,,,,,,,,,,,,,,
1870-03-31,,,,,,1.0,,,,,,,,,,,,,,,,,,,,,,,,,,,
1870-06-30,,,,,,1.0,,,,,,,,,,,,,,,,,,,,,,,,,,,
1870-09-30,,,,,,1.0,,,,,,,,,,,,,,,,,,,,,,,,,,,
1870-12-31,,,,,,0.0,,,,,,,,,,,,,,,,,,,,,,,,,,,
1871-03-31,,,,,,0.0,,,,,,,,,,,,,,,,,,,,,,,,,,,
1871-06-30,,,,,,0.0,,,,,,,,,,,,,,,,,,,,,,,,,,,
1871-09-30,,,,,,0.0,,,,,,,,,,,,,,,,,,,,,,,,,,,
1871-12-31,,,,,,0.0,,,,,,,,,,,,,,,,,,,,,,,,,,,
1872-03-31,,,,,,0.0,,,,,,,,,,,,,,,,,,,,,,,,,,,
1872-06-30,,,,,,0.0,,,,,,,,,,,,,,,,,,,,,,,,,,,
1872-09-30,,,,,,0.0,,,,,,,,,,,,,,,,,,,,,,,,,,,
1872-12-31,,,,,,0.0,,,,,,,,,,,,,,,,,,,,,,,,,,,
1873-03-31,,,,,,0.0,,,,,,,,,,,,,,,,,,,,,,,,,,,
1873-06-30,,,,,,0.0,,,,,,,,,,,,,,,,,,,,,,,,,,,
1873-09-30,,,,,,1.0,,,,,,,,,,,,,,,,,,,,,,,,,,,
1873-12-31,,,,,,1.0,,,,,,,,,,,,,,,,,,,,,,,,,,,
1874-03-31,,,,,,1.0,,,,,,,,,,,,,,,,,,,,,,,,,,,
1874-06-30,,,,,,1.0,,,,,,,,,,,,,,,,,,,,,,,,,,,
1874-09-30,,,,,,1.0,,,,,,,,,,,,,,,,,,,,,,,,,,,
1874-12-31,,,,,,1.0,,,,,,,,,,,,,,,,,,,,,,,,,,,
1875-03-31,,,,,,1.0,,,,,,,,,,,,,,,,,,,,,,,,,,,
1875-06-30,,,,,,1.0,,,,,,,,,,,,,,,,,,,,,,,,,,,
1875-09-30,,,,,,1.0,,,,,,,,,,,,,,,,,,,,,,,,,,,
1875-12-31,,,,,,1.0,,,,,,,,,,,,,,,,,,,,,,,,,,,
1876-03-31,,,,,,1.0,,,,,,,,,,,,,,,,,,,,,,,,,,,
1876-06-30,,,,,,1.0,,,,,,,,,,,,,,,,,,,,,,,,,,,
1876-09-30,,,,,,1.0,,,,,,,,,,,,,,,,,,,,,,,,,,,
1876-12-31,,,,,,1.0,,,,,,,,,,,,,,,,,,,,,,,,,,,
1877-03-31,,,,,,1.0,,,,,,,,,,,,,,,,,,,,,,,,,,,
1877-06-30,,,,,,1.0,,,,,,,,,,,,,,,,,,,,,,,,,,,
1877-09-30,,,,,,1.0,,,,,,,,,,,,,,,,,,,,,,,,,,,
1877-12-31,,,,,,1.0,,,,,,,,,,,,,,,,,,,,,,,,,,,
1878-03-31,,,,,,1.0,,,,,,,,,,,,,,,,,,,,,,,,,,,
1878-06-30,,,,,,1.0,,,,,,,,,,,,,,,,,,,,,,,,,,,
1878-09-30,,,,,,1.0,,,,,,,,,,,,,,,,,,,,,,,,,,,
1878-12-31,,,,,,1.0,,,,,,,,,,,,,,,,,,,,,,,,,,,
1879-03-31,,,,,,0.0,,,,,,,,,,,,,,,,,,,,,,,,,,,
1879-06-30,,,,,,0.0,,,,,,,,,,,,,,,,,,,,,,,,,,,
1879-09-30,,,,,,0.0,,,,,,,,,,,,,,,,,,,,,,,,,,,
1879-12-31,,,,,,0.0,,,,,,,,,,,,,,,,,,,,,,,,,,,
1880-03-31,,,,,,0.0,,,,,,,,,,,,,,,,,,,,,,,,,,,
1880-06-30,,,,,,0.0,,,,,,,,,,,,,,,,,,,,,,,,,,,
1880-09-30,,,,,,0.0,,,,,,,,,,,,,,,,,,,,,,,,,,,
1880-12-31,,,,,,0.0,,,,,,,,,,,,,,,,,,,,,,,,,,,
1881-03-31,,,,,,0.0,,,,,,,,,,,,,,,,,,,,,,,,,,,
1881-06-30,,,,,,0.0,,,,,,,,,,,,,,,,,,,,,,,,,,,
1881-09-30,,,,,,0.0,,,,,,,,,,,,,,,,,,,,,,,,,,,
1881-12-31,,,,,,0.0,,,,,,,,,,,,,,,,,,,,,,,,,,,
1882-03-31,,,,,,1.0,,,,,,,,,,,,,,,,,,,,,,,,,,,
1882-06-30,,,,,,1.0,,,,,,,,,,,,,,,,,,,,,,,,,,,
1882-09-30,,,,,,1.0,,,,,,,,,,,,,,,,,,,,,,,,,,,
1882-12-31,,,,,,1.0,,,,,,,,,,,,,,,,,,,,,,,,,,,
1883-03-31,,,,,,1.0,,,,,,,,,,,,,,,,,,,,,,,,,,,
1883-06-30,,,,,,1.0,,,,,,,,,,,,,,,,,,,,,,,,,,,
1883-09-30,,,,,,1.0,,,,,,,,,,,,,,,,,,,,,,,,,,,
1883-12-31,,,,,,1.0,,,,,,,,,,,,,,,,,,,,,,,,,,,
1884-03-31,,,,,,1.0,,,,,,,,,,,,,,,,,,,,,,,,,,,
1884-06-30,,,,,,1.0,,,,,,,,,,,,,,,,,,,,,,,,,,,
1884-09-30,,,,,,1.0,,,,,,,,,,,,,,,,,,,,,,,,,,,
1884-12-31,,,,,,1.0,,,,,,,,,,,,,,,,,,,,,,,,,,,
1885-03-31,,,,,,1.0,,,,,,,,,,,,,,,,,,,,,,,,,,,
1885-06-30,,,,,,0.0,,,,,,,,,,,,,,,,,,,,,,,,,,,
1885-09-30,,,,,,0.0,,,,,,,,,,,,,,,,,,,,,,,,,,,
1885-12-31,,,,,,0.0,,,,,,,,,,,,,,,,,,,,,,,,,,,
1886-03-31,,,,,,0.0,,,,,,,,,,,,,,,,,,,,,,,,,,,
1886-06-30,,,,,,0.0,,,,,,,,,,,,,,,,,,,,,,,,,,,
1886-09-30,,,,,,0.0,,,,,,,,,,,,,,,,,,,,,,,,,,,
1886-12-31,,,,,,0.0,,,,,,,,,,,,,,,,,,,,,,,,,,,
1887-03-31,,,,,,0.0,,,,,,,,,,,,,,,,,,,,,,,,,,,
1887-06-30,,,,,,1.0,,,,,,,,,,,,,,,,,,,,,,,,,,,
1887-09-30,,,,,,1.0,,,,,,,,,,,,,,,,,,,,,,,,,,,
1887-12-31,,,,,,1.0,,,,,,,,,,,,,,,,,,,,,,,,,,,
1888-03-31,,,,,,0.0,,,,,,,,,,,,,,,,,,,,,,,,,,,
1888-06-30,,,,,,0.0,,,,,,,,,,,,,,,,,,,,,,,,,,,
1888-09-30,,,,,,0.0,,,,,,,,,,,,,,,,,,,,,,,,,,,
1888-12-31,,,,,,0.0,,,,,,,,,,,,,,,,,,,,,,,,,,,
1889-03-31,,,,,,0.0,,,,,,,,,,,,,,,,,,,,,,,,,,,
1889-06-30,,,,,,0.0,,,,,,,,,,,,,,,,,,,,,,,,,,,
1889-09-30,,,,,,0.0,,,,,,,,,,,,,,,,,,,,,,,,,,,
1889-12-31,,,,,,0.0,,,,,,,,,,,,,,,,,,,,,,,,,,,
1890-03-31,,,,,,0.0,,,,,,,,,,,,,,,,,,,,,,,,,,,
1890-06-30,,,,,,0.0,,,,,,,,,,,,,,,,,,,,,,,,,,,
1890-09-30,,,,,,1.0,,,,,,,,,,,,,,,,,,,,,,,,,,,
1890-12-31,,,,,,1.0,,,,,,,,,,,,,,,,,,,,,,,,,,,
1891-03-31,,,,,,1.0,,,,,,,,,,,,,,,,,,,,,,,,,,,
1891-06-30,,,,,,0.0,,,,,,,,,,,,,,,,,,,,,,,,,,,
1891-09-30,,,,,,0.0,,,,,,,,,,,,,,,,,,,,,,,,,,,
1891-12-31,,,,,,0.0,,,,,,,,,,,,,,,,,,,,,,,,,,,
1892-03-31,,,,,,0.0,,,,,,,,,,,,,,,,,,,,,,,,,,,
1892-06-30,,,,,,0.0,,,,,,,,,,,,,,,,,,,,,,,,,,,
1892-09-30,,,,,,0.0,,,,,,,,,,,,,,,,,,,,,,,,,,,
1892-12-31,,,,,,0.0,,,,,,,,,,,,,,,,,,,,,,,,,,,
1893-03-31,,,,,,1.0,,,,,,,,,,,,,,,,,,,,,,,,,,,
1893-06-30,,,,,,1.0,,,,,,,,,,,,,,,,,,,,,,,,,,,
1893-09-30,,,,,,1.0,,,,,,,,,,,,,,,,,,,,,,,,,,,
1893-12-31,,,,,,1.0,,,,,,,,,,,,,,,,,,,,,,,,,,,
1894-03-31,,,,,,1.0,,,,,,,,,,,,,,,,,,,,,,,,,,,
1894-06-30,,,,,,0.0,,,,,,,,,,,,,,,,,,,,,,,,,,,
1894-09-30,,,,,,0.0,,,,,,,,,,,,,,,,,,,,,,,,,,,
1894-12-31,,,,,,0.0,,,,,,,,,,,,,,,,,,,,,,,,,,,
1895-03-31,,,,,,0.0,,,,,,,,,,,,,,,,,,,,,,,,,,,
1895-06-30,,,,,,0.0,,,,,,,,,,,,,,,,,,,,,,,,,,,
1895-09-30,,,,,,0.0,,,,,,,,,,,,,,,,,,,,,,,,,,,
1895-12-31,,,,,,1.0,,,,,,,,,,,,,,,,,,,,,,,,,,,
1896-03-31,,,,,,1.0,,,,,,,,,,,,,,,,,,,,,,,,,,,
1896-06-30,,,,,,1.0,,,,,,,,,,,,,,,,,,,,,,,,,,,
1896-09-30,,,,,,1.0,,,,,,,,,,,,,,,,,,,,,,,,,,,
1896-12-31,,,,,,1.0,,,,,,,,,,,,,,,,,,,,,,,,,,,
1897-03-31,,,,,,1.0,,,,,,,,,,,,,,,,,,,,,,,,,,,
1897-06-30,,,,,,0.0,,,,,,,,,,,,,,,,,,,,,,,,,,,
1897-09-30,,,,,,0.0,,,,,,,,,,,,,,,,,,,,,,,,,,,
1897-12-31,,,,,,0.0,,,,,,,,,,,,,,,,,,,,,,,,,,,
1898-03-31,,,,,,0.0,,,,,,,,,,,,,,,,,,,,,,,,,,,
1898-06-30,,,,,,0.0,,,,,,,,,,,,,,,,,,,,,,,,,,,
1898-09-30,,,,,,0.0,,,,,,,,,,,,,,,,,,,,,,,,,,,
1898-12-31,,,,,,0.0,,,,,,,,,,,,,,,,,,,,,,,,,,,
1899-03-31,,,,,,0.0,,,,,,,,,,,,,,,,,,,,,,,,,,,
1899-06-30,,,,,,0.0,,,,,,,,,,,,,,,,,,,,,,,,,,,
1899-09-30,,,,,,1.0,,,,,,,,,,,,,,,,,,,,,,,,,,,
1899-12-31,,,,,,1.0,,,,,,,,,,,,,,,,,,,,,,,,,,,
1900-03-31,,,,,,1.0,,,,,,,,,,,,,,,,,,,,,,,,,,,
1900-06-30,,,,,,1.0,,,,,,,,,,,,,,,,,,,,,,,,,,,
1900-09-30,,,,,,1.0,,,,,,,,,,,,,,,,,,,,,,,,,,,
1900-12-31,,,,,,0.0,,,,,,,,,,,,,,,,,,,,,,,,,,,
1901-03-31,,,,,,0.0,,,,,,,,,,,,,,,,,,,,,,,,,,,
1901-06-30,,,,,,0.0,,,,,,,,,,,,,,,,,,,,,,,,,,,
1901-09-30,,,,,,0.0,,,,,,,,,,,,,,,,,,,,,,,,,,,
1901-12-31,,,,,,0.0,,,,,,,,,,,,,,,,,,,,,,,,,,,
1902-03-31,,,,,,0.0,,,,,,,,,,,,,,,,,,,,,,,,,,,
1902-06-30,,,,,,0.0,,,,,,,,,,,,,,,,,,,,,,,,,,,
1902-09-30,,,,,,0.0,,,,,,,,,,,,,,,,,,,,,,,,,,,
1902-12-31,,,,,,1.0,,,,,,,,,,,,,,,,,,,,,,,,,,,
1903-03-31,,,,,,1.0,,,,,,,,,,,,,,,,,,,,,,,,,,,
1903-06-30,,,,,,1.0,,,,,,,,,,,,,,,,,,,,,,,,,,,
1903-09-30,,,,,,1.0,,,,,,,,,,,,,,,,,,,,,,,,,,,
1903-12-31,,,,,,1.0,,,,,,,,,,,,,,,,,,,,,,,,,,,
1904-03-31,,,,,,1.0,,,,,,,,,,,,,,,,,,,,,,,,,,,
1904-06-30,,,,,,1.0,,,,,,,,,,,,,,,,,,,,,,,,,,,
1904-09-30,,,,,,0.0,,,,,,,,,,,,,,,,,,,,,,,,,,,
1904-12-31,,,,,,0.0,,,,,,,,,,,,,,,,,,,,,,,,,,,
1905-03-31,,,,,,0.0,,,,,,,,,,,,,,,,,,,,,,,,,,,
1905-06-30,,,,,,0.0,,,,,,,,,,,,,,,,,,,,,,,,,,,
1905-09-30,,,,,,0.0,,,,,,,,,,,,,,,,,,,,,,,,,,,
1905-12-31,,,,,,0.0,,,,,,,,,,,,,,,,,,,,,,,,,,,
1906-03-31,,,,,,0.0,,,,,,,,,,,,,,,,,,,,,,,,,,,
1906-06-30,,,,,,0.0,,,,,,,,,,,,,,,,,,,,,,,,,,,
1906-09-30,,,,,,0.0,,,,,,,,,,,,,,,,,,,,,,,,,,,
1906-12-31,,,,,,0.0,,,,,,,,,,,,,,,,,,,,,,,,,,,
1907-03-31,,,,,,0.0,,,,,,,,,,,,,,,,,,,,,,,,,,,
1907-06-30,,,,,,1.0,,,,,,,,,,,,,,,,,,,,,,,,,,,
1907-09-30,,,,,,1.0,,,,,,,,,,,,,,,,,,,,,,,,,,,
1907-12-31,,,,,,1.0,,,,,,,,,,,,,,,,,,,,,,,,,,,
1908-03-31,,,,,,1.0,,,,,,,,,,,,,,,,,,,,,,,,,,,
1908-06-30,,,,,,0.0,,,,,,,,,,,,,,,,,,,,,,,,,,,
1908-09-30,,,,,,0.0,,,,,,,,,,,,,,,,,,,,,,,,,,,
1908-12-31,,,,,,0.0,,,,,,,,,,,,,,,,,,,,,,,,,,,
1909-03-31,,,,,,0.0,,,,,,,,,,,,,,,,,,,,,,,,,,,
1909-06-30,,,,,,0.0,,,,,,,,,,,,,,,,,,,,,,,,,,,
1909-09-30,,,,,,0.0,,,,,,,,,,,,,,,,,,,,,,,,,,,
1909-12-31,,,,,,0.0,,,,,,,,,,,,,,,,,,,,,,,,,,,
1910-03-31,,,,,,1.0,,,,,,,,,,,,,,,,,,,,,,,,,,,
1910-06-30,,,,,,1.0,,,,,,,,,,,,,,,,,,,,,,,,,,,
1910-09-30,,,,,,1.0,,,,,,,,,,,,,,,,,,,,,,,,,,,
1910-12-31,,,,,,1.0,,,,,,,,,,,,,,,,,,,,,,,,,,,
1911-03-31,,,,,,1.0,,,,,,,,,,,,,,,,,,,,,,,,,,,
1911-06-30,,,,,,1.0,,,,,,,,,,,,,,,,,,,,,,,,,,,
1911-09-30,,,,,,1.0,,,,,,,,,,,,,,,,,,,,,,,,,,,
1911-12-31,,,,,,0.0,,,,,,,,,,,,,,,,,,,,,,,,,,,
1912-03-31,,,,,,0.0,,,,,,,,,,,,,,,,,,,,,,,,,,,
1912-06-30,,,,,,0.0,,,,,,,,,,,,,,,,,,,,,,,,,,,
1912-09-30,,,,,,0.0,,,,,,,,,,,,,,,,,,,,,,,,,,,
1912-12-31,,,,,,0.0,,,,,,,,,,,,,,,,,,,,,,,,,,,
1913-03-31,,,,,,1.0,,,,,,,,,,,,,,,,,,,,,,,,,,,
1913-06-30,,,,,,1.0,,,,,,,,,,,,,,,,,,,,,,,,,,,
1913-09-30,,,,,,1.0,,,,,,,,,,,,,,,,,,,,,,,,,,,
1913-12-31,,,,,,1.0,,,,,,,,,,,,,,,,,,,,,,,,,,,
1914-03-31,,,,,,1.0,,,,,,,,,,,,,,,,,,,,,,,,,,,
1914-06-30,,,,,,1.0,,,,,,,,,,,,,,,,,,,,,,,,,,,
1914-09-30,,,,,,1.0,,,,,,,,,,,,,,,,,,,,,,,,,,,
1914-12-31,,,,,,0.0,,,,,,,,,,,,,,,,,,,,,,,,,,,
1915-03-31,,,,,,0.0,,,,,,,,,,,,,,,,,,,,,,,,,,,
1915-06-30,,,,,,0.0,,,,,,,,,,,,,,,,,,,,,,,,,,,
1915-09-30,,,,,,0.0,,,,,,,,,,,,,,,,,,,,,,,,,,,
1915-12-31,,,,,,0.0,,,,,,,,,,,,,,,,,,,,,,,,,,,
1916-03-31,,,,,,0.0,,,,,,,,,,,,,,,,,,,,,,,,,,,
1916-06-30,,,,,,0.0,,,,,,,,,,,,,,,,,,,,,,,,,,,
1916-09-30,,,,,,0.0,,,,,,,,,,,,,,,,,,,,,,,,,,,
1916-12-31,,,,,,0.0,,,,,,,,,,,,,,,,,,,,,,,,,,,
1917-03-31,,,,,,0.0,,,,,,,,,,,,,,,,,,,,,,,,,,,
1917-06-30,,,,,,0.0,,,,,,,,,,,,,,,,,,,,,,,,,,,
1917-09-30,,,,,,0.0,,,,,,,,,,,,,,,,,,,,,,,,,,,
1917-12-31,,,,,,0.0,,,,,,,,,,,,,,,,,,,,,,,,,,,
1918-03-31,,,,,,0.0,,,,,,,,,,,,,,,,,,,,,,,,,,,
1918-06-30,,,,,,0.0,,,,,,,,,,,,,,,,,,,,,,,,,,,
1918-09-30,,,,,,1.0,,,,,,,,,,,,,,,,,,,,,,,,,,,
1918-12-31,,,,,,1.0,,,,,,,,,,,,,,,,,,,,,,,,,,,
1919-03-31,,,,,,0.0,,,,,,,,,,,,,,,,,,,,,,,,,,,
1919-06-30,,,,,,0.0,,,,,,,,,,,,,,,,,,,,,,,,,,,
1919-09-30,,,,,,0.0,,,,,,,,,,,,,,,,,,,,,,,,,,,
1919-12-31,,,,,,0.0,,,,,,,,,,,,,,,,,,,,,,,,,,,
1920-03-31,,,,,,1.0,,,,,,,,,,,,,,,,,,,,,,,,,,,
1920-06-30,,,,,,1.0,,,,,,,,,,,,,,,,,,,,,,,,,,,
1920-09-30,,,,,,1.0,,,,,,,,,,,,,,,,,,,,,,,,,,,
1920-12-31,,,,,,1.0,,,,,,,,,,,,,,,,,,,,,,,,,,,
1921-03-31,,,,,,1.0,,,,,,,,,,,,,,,,,,,,,,,,,,,
1921-06-30,,,,,,1.0,,,,,,,,,,,,,,,,,,,,,,,,,,,
1921-09-30,,,,,,0.0,,,,,,,,,,,,,,,,,,,,,,,,,,,
1921-12-31,,,,,,0.0,,,,,,,,,,,,,,,,,,,,,,,,,,,
1922-03-31,,,,,,0.0,,,,,,,,,,,,,,,,,,,,,,,,,,,
1922-06-30,,,,,,0.0,,,,,,,,,,,,,,,,,,,,,,,,,,,
1922-09-30,,,,,,0.0,,,,,,,,,,,,,,,,,,,,,,,,,,,
1922-12-31,,,,,,0.0,,,,,,,,,,,,,,,,,,,,,,,,,,,
1923-03-31,,,,,,0.0,,,,,,,,,,,,,,,,,,,,,,,,,,,
1923-06-30,,,,,,1.0,,,,,,,,,,,,,,,,,,,,,,,,,,,
1923-09-30,,,,,,1.0,,,,,,,,,,,,,,,,,,,,,,,,,,,
1923-12-31,,,,,,1.0,,,,,,,,,,,,,,,,,,,,,,,,,,,
1924-03-31,,,,,,1.0,,,,,,,,,,,,,,,,,,,,,,,,,,,
1924-06-30,,,,,,1.0,,,,,,,,,,,,,,,,,,,,,,,,,,,
1924-09-30,,,,,,0.0,,,,,,,,,,,,,,,,,,,,,,,,,,,
1924-12-31,,,,,,0.0,,,,,,,,,,,,,,,,,,,,,,,,,,,
1925-03-31,,,,,,0.0,,,,,,,,,,,,,,,,,,,,,,,,,,,
1925-06-30,,,,,,0.0,,,,,,,,,,,,,,,,,,,,,,,,,,,
1925-09-30,,,,,,0.0,,,,,,,,,,,,,,,,,,,,,,,,,,,
1925-12-31,,,,,,0.0,,,,,,,,,,,,,,,,,,,,,,,,,,,
1926-03-31,,,,,,0.0,,,,,,,,,,,,,,,,,,,,,,,,,,,
1926-06-30,,,,,,0.0,,,,,,,,,,,,,,,,,,,,,,,,,,,
1926-09-30,,,,,,1.0,,,,,,,,,,,,,,,,,,,,,,,,,,,
1926-12-31,,,,,,1.0,,,,,,,,,,,,,,,,,,,,,,,,,,,
1927-03-31,,,,,,1.0,,,,,,,,,,,,,,,,,,,,,,,,,,,
1927-06-30,,,,,,1.0,,,,,,,,,,,,,,,,,,,,,,,,,,,
1927-09-30,,,,,,1.0,,,,,,,,,,,,,,,,,,,,,,,,,,,
1927-12-31,,,,,,0.0,,,,,,,,,,,,,,,,,,,,,,,,,,,
1928-03-31,,,,,,0.0,,,,,,,,,,,,,,,,,,,,,,,,,,,
1928-06-30,,,,,,0.0,,,,,,,,,,,,,,,,,,,,,,,,,,,
1928-09-30,,,,,,0.0,,,,,,,,,,,,,,,,,,,,,,,,,,,
1928-12-31,,,,,,0.0,,,,,,,,,,,,,,,,,,,,,,,,,,,
1929-03-31,,,,,,0.0,,,,,,,,,,,,,,,,,,,,,,,,,,,
1929-06-30,,,,,,0.0,,,,,,,,,,,,,,,,,,,,,,,,,,,
1929-09-30,,,,,,1.0,,,,,,,,,,,,,,,,,,,,,,,,,,,
1929-12-31,,,,,,1.0,,,,,,,,,,,,,,,,,,,,,,,,,,,
1930-03-31,,,,,,1.0,,,,,,,,,,,,,,,,,,,,,,,,,,,
1930-06-30,,,,,,1.0,,,,,,,,,,,,,,,,,,,,,,,,,,,
1930-09-30,,,,,,1.0,,,,,,,,,,,,,,,,,,,,,,,,,,,
1930-12-31,,,,,,1.0,,,,,,,,,,,,,,,,,,,,,,,,,,,
1931-03-31,,,,,,1.0,,,,,,,,,,,,,,,,,,,,,,,,,,,
1931-06-30,,,,,,1.0,,,,,,,,,,,,,,,,,,,,,,,,,,,
1931-09-30,,,,,,1.0,,,,,,,,,,,,,,,,,,,,,,,,,,,
1931-12-31,,,,,,1.0,,,,,,,,,,,,,,,,,,,,,,,,,,,
1932-03-31,,,,,,1.0,,,,,,,,,,,,,,,,,,,,,,,,,,,
1932-06-30,,,,,,1.0,,,,,,,,,,,,,,,,,,,,,,,,,,,
1932-09-30,,,,,,1.0,,,,,,,,,,,,,,,,,,,,,,,,,,,
1932-12-31,,,,,,1.0,,,,,,,,,,,,,,,,,,,,,,,,,,,
1933-03-31,,,,,,0.0,,,,,,,,,,,,,,,,,,,,,,,,,,,
1933-06-30,,,,,,0.0,,,,,,,,,,,,,,,,,,,,,,,,,,,
1933-09-30,,,,,,0.0,,,,,,,,,,,,,,,,,,,,,,,,,,,
1933-12-31,,,,,,0.0,,,,,,,,,,,,,,,,,,,,,,,,,,,
1934-03-31,,,0.5266666666666666,,,0.0,,,,,,,,,,,,,,,,,,,,,,,,,,,
1934-06-30,,,0.15333333333333332,,,0.0,,,,,,,,,,,,,,,,,,,,,,,,,,,
1934-09-30,,,0.18333333333333332,,,0.0,,,,,,,,,,,,,,,,,,,,,,,,,,,
1934-12-31,,,0.25,,,0.0,,,,,,,,,,,,,,,,,,,,,,,,,,,
1935-03-31,,,0.18000000000000002,,,0.0,,,,,,,,,,,,,,,,,,,,,,,,,,,
1935-06-30,,,0.15,,,0.0,,,,,,,,,,,,,,,,,,,,,,,,,,,
1935-09-30,,,0.17,,,0.0,,,,,,,,,,,,,,,,,,,,,,,,,,,
1935-12-31,,,0.17,,,0.0,,,,,,,,,,,,,,,,,,,,,,,,,,,
1936-03-31,,,0.20000000000000004,,,0.0,,,,,,,,,,,,,,,,,,,,,,,,,,,
1936-06-30,,,0.20000000000000004,,,0.0,,,,,,,,,,,,,,,,,,,,,,,,,,,
1936-09-30,,,0.17,,,0.0,,,,,,,,,,,,,,,,,,,,,,,,,,,
1936-12-31,,,0.12,,,0.0,,,,,,,,,,,,,,,,,,,,,,,,,,,
1937-03-31,,,0.2333333333333333,,,0.0,,,,,,,,,,,,,,,,,,,,,,,,,,,
1937-06-30,,,0.44333333333333336,,,1.0,,,,,,,,,,,,,,,,,,,,,,,,,,,
1937-09-30,,,0.2933333333333334,,,1.0,,,,,,,,,,,,,,,,,,,,,,,,,,,
1937-12-31,,,0.13333333333333333,,,1.0,,,,,,,,,,,,,,,,,,,,,,,,,,,
1938-03-31,,,0.08666666666666667,,,1.0,,,,,,,,,,,,,,,,,,,,,,,,,,,
1938-06-30,,,0.06333333333333334,,,0.0,,,,,,,,,,,,,,,,,,,,,,,,,,,
1938-09-30,,,0.07,,,0.0,,,,,,,,,,,,,,,,,,,,,,,,,,,
1938-12-31,,,0.04,,,0.0,,,,,,,,,,,,,,,,,,,,,,,,,,,
1939-03-31,,,0.03,,,0.0,,,,,,,,,,,,,,,,,,,,,,,,,,,
1939-06-30,,,0.03,,,0.0,,,,,,,,,,,,,,,,,,,,,,,,,,,
1939-09-30,,,0.07666666666666667,,,0.0,,,,,,,,,,,,,,,,,,,,,,,,,,,
1939-12-31,,,0.04666666666666667,,,0.0,,,,,,,,,,,,,,,,,,,,,,,,,,,
1940-03-31,,,0.016666666666666666,,,0.0,,,,,,,,,,,,,,,,,,,,,,,,,,,
1940-06-30,,,0.06,,,0.0,,,,,,,,,,,,,,,,,,,,,,,,,,,
1940-09-30,,,0.04666666666666667,,,0.0,,,,,,,,,,,,,,,,,,,,,,,,,,,
1940-12-31,,,0.02,,,0.0,,,,,,,,,,,,,,,,,,,,,,,,,,,
1941-03-31,,,0.056666666666666664,,,0.0,,,,,,,,,,,,,,,,,,,,,,,,,,,
1941-06-30,,,0.11,,,0.0,,,,,,,,,,,,,,,,,,,,,,,,,,,
1941-09-30,,,0.11666666666666665,,,0.0,,,,,,,,,,,,,,,,,,,,,,,,,,,
1941-12-31,,,0.2333333333333333,,,0.0,,,,,,,,,,,,,,,,,,,,,,,,,,,
1942-03-31,,,0.25666666666666665,,,0.0,,,,,,,,,,,,,,,,,,,,,,,,,,,
1942-06-30,,,0.35333333333333333,,,0.0,,,,,,,,,,,,,,,,,,,,,,,,,,,
1942-09-30,,,0.38000000000000006,,,0.0,,,,,,,,,,,,,,,,,,,,,,,,,,,
1942-12-31,,,0.38000000000000006,,,0.0,,,,,,,,,,,,,,,,,,,,,,,,,,,
1943-03-31,,,0.38000000000000006,,,0.0,,,,,,,,,,,,,,,,,,,,,,,,,,,
1943-06-30,,,0.38000000000000006,,,0.0,,,,,,,,,,,,,,,,,,,,,,,,,,,
1943-09-30,,,0.38000000000000006,,,0.0,,,,,,,,,,,,,,,,,,,,,,,,,,,
1943-12-31,,,0.38000000000000006,,,0.0,,,,,,,,,,,,,,,,,,,,,,,,,,,
1944-03-31,,,0.38000000000000006,,,0.0,,,,,,,,,,,,,,,,,,,,,,,,,,,
1944-06-30,,,0.38000000000000006,,,0.0,,,,,,,,,,,,,,,,,,,,,,,,,,,
1944-09-30,,,0.38000000000000006,,,0.0,,,,,,,,,,,,,,,,,,,,,,,,,,,
1944-12-31,,,0.38000000000000006,,,0.0,,,,,,,,,,,,,,,,,,,,,,,,,,,
1945-03-31,,,0.38000000000000006,,,1.0,,,,,,,,,,,,,,,,,,,,,,,,,,,
1945-06-30,,,0.38000000000000006,,,1.0,,,,,,,,,,,,,,,,,,,,,,,,,,,
1945-09-30,,,0.38000000000000006,,,1.0,,,,,,,,,,,,,,,,,,,,,,,,,,,
1945-12-31,,,0.38000000000000006,,,0.0,,,,,,,,,,,,,,,,,,,,,,,,,,,
1946-03-31,,,0.38000000000000006,,,0.0,,,,,,,,,,,,,,,,,,,,,,,,,,,
1946-06-30,,,0.38000000000000006,,,0.0,,,,,,,,,,,,,,,,,,,,,,,,,,,
1946-09-30,,,0.38000000000000006,,,0.0,,,,,,,,,,,,,,,,,,,,,,,,,,,
1946-12-31,,,0.38000000000000006,,,0.0,,,,,,,,,,,,,,,,,,,,,,,,,,,
1947-03-31,,,0.38000000000000006,,2033.0610000000001,0.0,,,,,,,,,,,,,,,,,,,,,,,,,,,
1947-06-30,,,0.38000000000000006,,2027.639,0.0,,,,,,,,,,,,,,,,,,,,,,,,,,,
1947-09-30,,,0.7366666666666667,,2023.4520000000002,0.0,,,,,,,,,,,,,,,,,,,,,,,,,,,
1947-12-31,,,0.9066666666666666,,2055.103,0.0,,,,,,,,,,,,,,,,,,,,,,,,,,,
1948-03-31,,,0.9899999999999999,,2086.0170000000003,0.0,,,,,,,,,,,,,,,,,,,,,,,,,,,
1948-06-30,,,1.0,,2120.45,0.0,,,,,,,,,,,,,,,,,,,,,,,,,,,
1948-09-30,,,1.05,,2132.598,0.0,,,,,,,,,,,,,,,,,,,,,,,,,,,
1948-12-31,,,1.14,,2134.981,1.0,,,,,,,,,,,,,,,,,,,,,,,,,,,
1949-03-31,,,1.17,,2105.562,1.0,,,,,,,,,,,,,,,,,,,,,,,,,,,
1949-06-30,,,1.17,,2098.38,1.0,,,,,,,,,,,,,,,,,,,,,,,,,,,
1949-09-30,,,1.0433333333333332,,2120.044,1.0,,,,,,,,,,,,,,,,,,,,,,,,,,,
1949-12-31,,,1.0766666666666667,,2102.251,0.0,,,,,,,,,,,,,,,,,,,,,,,,,,,
1950-03-31,,,1.1033333333333335,,2184.8720000000003,0.0,,,,,,,,,,,,,,,,,,,,,,,,,,,
1950-06-30,,,1.153333333333333,,2251.507,0.0,,,,,,,,,,,,,,,,,,,,,,,,,,,
1950-09-30,,,1.22,,2338.514,0.0,,,,,,,,,,,,,,,,,,,,,,,,,,,
1950-12-31,,,1.3366666666666667,,2383.291,0.0,,,,,,,,,,,,,,,,,,,,,,,,,,,
1951-03-31,,,1.3666666666666665,,2415.66,0.0,,,,,,,,,,,,,,,,,,,,,,,,,,,
1951-06-30,,,1.49,,2457.5170000000003,0.0,,,,,,,,,,,,,,,,,,,,,,,,,,,
1951-09-30,,,1.6033333333333335,,2508.166,0.0,,,,,,,,,,,,,,,,,,,,,,,,,,,
1951-12-31,,,1.61,,2513.69,0.0,,,,,,,,,,,,,,,,,,,,,,,,,,,
1952-03-31,,,1.5666666666666667,,2540.55,0.0,,,,,,,,,,,,,,,,,,,,,,,,,,,
1952-06-30,,,1.6466666666666667,,2546.022,0.0,,,,,,,,,,,,,,,,,,,,,,,,,,,
1952-09-30,,,1.7833333333333332,,2564.401,0.0,,,,,,,,,,,,,,,,,,,,,,,,,,,
1952-12-31,,,1.8933333333333333,,2648.6209999999996,0.0,,,,,,,,,,,,,,,,,,,,,,,,,,,
1953-03-31,,,1.9799999999999998,,2697.855,0.0,,,,,,,,,,,,,,,,,,,,,,,,,,,
1953-06-30,,,2.153333333333333,,2718.7090000000003,1.0,,2.45,,2.74,2.94,,3.11,,,,,,,,,,,,,,,,,,,,
1953-09-30,,,1.9566666666666668,,2703.4109999999996,1.0,,2.2,,2.56,2.71,,2.87,,,,,,,,,,,,,,,,,,,,
1953-12-31,,,1.4733333333333334,,2662.482,1.0,,1.66,,2.07,2.32,,2.59,,,,,,,,,,,,,,,,,,,,
1954-03-31,,,1.0599999999999998,,2649.755,1.0,,1.13,,1.59,1.93,,2.37,,,,,,,,,,,,,,,,,,,,
1954-06-30,,,0.79,,2652.643,0.0,,0.82,,1.53,1.92,,2.38,,,,,,,,,,,,,,,,,,,,
1954-09-30,,,0.8833333333333334,,2682.6009999999997,0.0,,1.03,,1.6,1.96,,2.38,,,,,,,,,,,,,,,,,,,,
1954-12-31,,,1.02,,2735.091,0.0,,1.21,,1.81,2.16,,2.51,,,,,,,,,,,,,,,,,,,,
1955-03-31,,,1.2233333333333334,,2813.212,0.0,,1.59,,2.26,2.48,,2.68,,,,,,,,,,,,,,,,,,,,
1955-06-30,,,1.4833333333333334,,2858.988,0.0,,1.91,,2.39,2.59,,2.78,,,,,,,,,,,,,,,,,,,,
1955-09-30,,,1.8566666666666667,,2897.598,0.0,,2.36,,2.69,2.85,,2.97,,,,,,,,,,,,,,,,,,,,
1955-12-31,,,2.336666666666667,,2914.993,0.0,,2.73,,2.88,2.93,,2.96,,,,,,,,,,,,,,,,,,,,
1956-03-31,,,2.3266666666666667,,2903.671,0.0,,2.61,,2.89,2.93,,2.96,,,,,,,,,,,,,,,,,,,,
1956-06-30,,,2.566666666666667,,2927.665,0.0,,2.74,,2.95,2.97,,3.0,3.21,,,,,,,,,,,,,,,,,,,
1956-09-30,,,2.5833333333333335,,2925.035,0.0,,3.35,,3.5,3.47,,3.38,3.07,,,,,,,,,,,,,,,,,,,
1956-12-31,,,3.0333333333333337,,2973.179,0.0,,3.68,,3.76,3.7,,3.59,2.89,,,,,,,,,,,,,,,,,,,
1957-03-31,,,3.0966666666666662,,2992.219,0.0,,3.42,,3.47,3.46,,3.41,2.61,,,,,,,,,,,,,,,,,,,
1957-06-30,,,3.14,,2985.663,0.0,,3.65,,3.8,3.83,,3.8,2.64,,,,,,,,,,,,,,,,,,,
1957-09-30,,,3.3533333333333335,,3014.9190000000003,1.0,,4.07,,4.06,4.03,,3.92,2.6,,,,,,,,,,,,,,,,,,,
1957-12-31,,,3.31,,2983.7270000000003,1.0,,3.18,,3.11,3.08,,3.21,2.67,,,,,,,,,,,,,,,,,,,
1958-03-31,,,1.7566666666666666,,2906.2740000000003,1.0,,1.84,,2.4,2.64,,2.98,2.84,,,,,,,,,,,,,,,,,,,
1958-06-30,,,0.9566666666666667,,2925.3790000000004,0.0,,1.23,,2.08,2.46,,2.97,2.86,,,,,,,,,,,,,,,,,,,
1958-09-30,,,1.68,,2993.0679999999998,0.0,,3.05,,3.52,3.69,,3.76,3.0,,,,,,,,,,,,,,,,,,,
1958-12-31,,,2.69,3.01,3063.085,0.0,,3.29,,3.72,3.82,,3.86,2.98,,,,,,,,,,,,,,,,,,,
1959-03-31,139.4,287.7,2.7733333333333334,3.1166666666666667,3121.9359999999997,0.0,,3.61,,3.97,3.99,,3.99,2.99,,,,,,,,,,,,,,,,,,,
1959-06-30,140.7,292.2,3.0,3.373333333333333,3192.38,0.0,,4.07,,4.52,4.5,,4.34,3.0,,,,,,,,,,,,,,,,,,,
1959-09-30,141.9,296.4,3.5400000000000005,4.13,3194.653,0.0,,5.0,,4.97,4.9,,4.68,3.28,,,,,,,,,,,,,,,,,,,
1959-12-31,140.4,297.1,4.2299999999999995,4.64,3203.759,0.0,,5.14,,5.12,5.01,,4.69,3.45,,,,,,,,,,,,,,,,,,,
1960-03-31,139.9,298.4,3.873333333333333,4.216666666666666,3275.757,0.0,,4.02,,4.29,4.31,,4.25,3.32,,,,,,,,,,,,,,,,,,,
1960-06-30,139.6,300.9,2.9933333333333336,3.2900000000000005,3258.0879999999997,1.0,,3.36,,4.01,4.12,,4.15,3.65,,,,,,,,,,,,,,,,,,,
1960-09-30,141.3,306.9,2.36,2.7099999999999995,3274.0290000000005,1.0,,3.07,,3.43,3.61,,3.8,3.73,,,,,,,,,,,,,,,,,,,
1960-12-31,140.9,310.9,2.3066666666666666,2.6300000000000003,3232.009,1.0,,2.86,,3.42,3.67,,3.84,3.38,,,,,,,,,,,,,,,,,,,
1961-03-31,141.6,316.5,2.35,2.5366666666666666,3253.8259999999996,0.0,,2.88,,3.35,3.6,,3.74,3.29,,,,,,,,,,,,,,,,,,,
1961-06-30,142.7,322.2,2.3033333333333332,2.486666666666667,3309.059,0.0,,3.06,,3.63,3.81,,3.88,3.23,,,,,,,,,,,,,,,,,,,
1961-09-30,143.5,327.6,2.3033333333333332,2.596666666666667,3372.5809999999997,0.0,,3.06,,3.73,3.9,,3.98,3.8,,,,,,,,,,,,,,,,,,,
1961-12-31,144.8,333.4,2.4599999999999995,2.7466666666666666,3438.7209999999995,0.0,,3.18,,3.72,3.91,,4.06,3.86,,,,,,,,,,,,,,,,,,,
1962-03-31,145.7,340.1,2.723333333333333,2.9133333333333336,3500.054,0.0,,3.06,,3.45,3.68,,3.93,3.99,,,,,,,,,,,,,,,,,,,
1962-06-30,146.8,347.5,2.716666666666667,2.8033333333333332,3531.683,0.0,,3.03,,3.39,3.64,,3.91,4.14,,,,,,,,,,,,,,,,,,,
1962-09-30,146.6,352.8,2.84,3.0,3575.07,0.0,,3.06,,3.41,3.7,,3.98,4.29,,,,,,,,,,,,,,,,,,,
1962-12-31,147.3,359.8,2.813333333333334,2.8800000000000003,3586.827,0.0,,3.01,,3.37,3.56,,3.86,4.33,,,,,,,,,,,,,,,,,,,
1963-03-31,148.9,367.9,2.9066666666666667,2.9633333333333334,3625.9809999999998,0.0,,3.03,,3.41,3.68,,3.93,4.14,,,,,,,,,,,,,,,,,,,
1963-06-30,150.4,376.1,2.94,3.0233333333333334,3666.6690000000003,0.0,,3.2,,3.61,3.81,,3.99,4.04,,,,,,,,,,,,,,,,,,,
1963-09-30,151.8,383.6,3.293333333333333,3.4166666666666665,3747.278,0.0,,3.57,,3.82,3.96,,4.08,3.86,,,,,,,,,,,,,,,,,,,
1963-12-31,153.6,391.5,3.4966666666666666,3.6300000000000003,3771.845,0.0,,3.81,,4.01,4.04,,4.13,3.91,,,,,,,,,,,,,,,,,,,
1964-03-31,154.3,397.6,3.53,3.676666666666667,3851.366,0.0,,3.91,,4.12,4.14,,4.22,3.81,,,,,,,,,,,,,,,,,,,
1964-06-30,155.3,404.2,3.4766666666666666,3.606666666666667,3893.296,0.0,,3.83,,4.01,4.02,,4.17,3.89,,,,,,,,,,,,,,,,,,,
1964-09-30,157.8,413.4,3.4966666666666666,3.6166666666666667,3954.1209999999996,0.0,,3.84,,4.01,4.08,,4.2,4.04,,,,,,,,,,,,,,,,,,,
1964-12-31,160.0,422.0,3.6833333333333336,3.8266666666666667,3966.335,0.0,,4.02,,4.08,4.09,,4.18,4.07,,,,,,,,,,,,,,,,,,,
1965-03-31,160.9,430.4,3.89,3.98,4062.3109999999997,0.0,,4.06,,4.13,4.15,,4.21,4.04,,,,,,,,,,,,,,,,,,,
1965-06-30,161.7,437.1,3.8733333333333335,3.9333333333333336,4113.629,0.0,,3.99,,4.08,4.15,,4.21,3.96,,,,,,,,,,,,,,,,,,,
1965-09-30,163.7,445.8,3.8666666666666667,3.973333333333333,4205.085999999999,0.0,,4.2,,4.24,4.25,,4.29,4.0,,,,,,,,,,,,,,,,,,,
1965-12-31,166.7,455.7,4.166666666666667,4.326666666666667,4301.973,0.0,,4.72,,4.79,4.72,,4.62,3.92,,,,,,,,,,,,,,,,,,,
1966-03-31,169.6,464.6,4.61,4.7700000000000005,4406.693,0.0,,4.97,,4.97,4.92,,4.87,3.98,,,,,,,,,,,,,,,,,,,
1966-06-30,171.3,470.1,4.586666666666667,4.733333333333333,4421.747,0.0,,4.97,,5.05,4.97,,4.81,4.02,,,,,,,,,,,,,,,,,,,
1966-09-30,170.8,472.6,5.043333333333333,5.329999999999999,4459.195,0.0,,5.82,,5.79,5.5,,5.18,4.09,,,,,,,,,,,,,,,,,,,
1966-12-31,171.4,477.3,5.21,5.41,4495.777,0.0,,5.2,,5.19,5.0,,4.84,4.19,,,,,,,,,,,,,,,,,,,
1967-03-31,173.0,485.1,4.513333333333333,4.516666666666667,4535.590999999999,0.0,,4.35,,4.47,4.54,,4.54,4.22,,,,,,,,,,,,,,,,,,,
1967-06-30,175.7,497.2,3.66,3.86,4538.37,0.0,,4.48,,4.89,5.01,,5.02,4.17,,,,,,,,,,,,,,,,,,,
1967-09-30,179.7,510.8,4.3,4.836666666666667,4581.309,0.0,,5.24,,5.41,5.4,,5.3,4.2,,,,,,,,,,,,,,,,,,,
1967-12-31,182.4,521.2,4.753333333333333,5.2700000000000005,4615.853,0.0,,5.71,,5.71,5.75,,5.7,4.18,,,,,,,,,,,,,,,,,,,
1968-03-31,184.7,530.4,5.05,5.246666666666667,4709.9929999999995,0.0,,5.58,,5.8,5.76,,5.74,4.2,,,,,,,,,,,,,,,,,,,
1968-06-30,188.0,538.9,5.52,5.653333333333333,4788.688,0.0,,5.98,,5.82,5.85,,5.72,4.21,,,,,,,,,,,,,,,,,,,
1968-09-30,191.8,549.4,5.196666666666666,5.296666666666667,4825.799,0.0,,5.45,,5.39,5.48,,5.46,4.3,,,,,,,,,,,,,,,,,,,
1968-12-31,196.0,562.4,5.586666666666667,5.69,4844.779,0.0,,6.19,,6.16,6.12,,6.03,4.5,,,,,,,,,,,,,,,,,,,
1969-03-31,199.3,571.9,6.093333333333334,6.246666666666667,4920.605,0.0,,6.34,,6.38,6.41,,6.3,4.72,,,,,,,,,,,,,,,,,,,
1969-06-30,200.8,576.5,6.196666666666666,6.343333333333334,4935.564,0.0,,7.04,,6.83,6.75,,6.57,4.73,,,,,,,,,,,,,,,,,,,
1969-09-30,201.7,580.1,7.023333333333333,7.25,4968.164000000001,0.0,,7.82,,7.77,7.57,7.36,7.16,4.94,,,,,,,,,,,,,,,,,,,
1969-12-31,203.6,585.4,7.353333333333334,7.603333333333334,4943.935,1.0,,8.17,,8.1,7.96,7.51,7.65,4.76,,,,,,,,,,,,,,,,,,,
1970-03-31,205.0,586.3,7.21,7.1933333333333325,4936.594,1.0,,6.97,,7.15,7.21,7.13,7.07,4.56,,,,,,,,,,,,,,,,,,,
1970-06-30,207.2,591.5,6.676666666666667,6.826666666666667,4943.6,1.0,,7.55,,7.84,7.85,7.84,7.84,4.99,,,,,,,,,,,,,,,,,,,
1970-09-30,209.9,604.9,6.326666666666667,6.506666666666667,4989.159000000001,1.0,,6.73,,7.11,7.29,7.4,7.39,5.16,,,,,,,,,,,,,,,,,,,
1970-12-31,213.7,621.1,5.353333333333334,5.506666666666667,4935.693,0.0,,5.0,,5.75,5.95,6.23,6.39,5.59,,,,,,,,,,,,,,,,,,,
1971-03-31,217.4,641.0,3.84,3.9166666666666665,5069.746,0.0,,3.69,,4.5,5.0,5.42,5.7,5.59,,,,,,,,,,,,,,,,,,,
1971-06-30,222.0,666.7,4.25,4.453333333333333,5097.179,0.0,,5.64,,6.32,6.53,6.65,6.52,5.4,,,,,,,,,,,,,,,,,,,
1971-09-30,225.6,685.5,5.010000000000001,5.273333333333333,5139.128,0.0,,5.41,,5.89,6.14,6.2,6.14,5.28,,,,,,,,,,,,,,,,,,,
1971-12-31,227.8,704.6,4.2299999999999995,4.403333333333333,5151.245,0.0,,4.6,,5.27,5.69,5.97,5.93,5.88,,,,,,,,,,,,,,,,,,,
1972-03-31,232.3,725.7,3.436666666666667,3.8033333333333332,5245.974,0.0,,4.67,,5.56,5.87,6.05,6.07,6.22,,,,,,,,,,,,,,,,,,,
1972-06-30,235.9,743.3,3.77,4.233333333333333,5365.045,0.0,,4.93,,5.64,5.91,6.06,6.11,6.28,,,,,,,,,,,,,,,,,,,
1972-09-30,240.9,768.7,4.22,4.726666666666667,5415.7119999999995,0.0,,5.52,,6.06,6.25,6.43,6.55,6.55,,,,,,,,,,,,,,,,,,,
1972-12-31,246.4,793.9,4.863333333333333,5.173333333333333,5506.396,0.0,,5.52,,6.01,6.16,6.2,6.36,6.91,,,,,,,,,,,,,,,,,,,
1973-03-31,252.2,814.1,5.7,5.986666666666667,5642.669,0.0,,6.85,,6.86,6.8,6.76,6.71,6.72,,,,,,,,,,,,,,,,,,,
1973-06-30,254.9,826.8,6.603333333333334,6.79,5704.098000000001,0.0,,7.31,,6.84,6.69,6.81,6.9,7.34,,,,,,,,,,,,,,,,,,,
1973-09-30,257.7,838.8,8.323333333333332,8.406666666666666,5674.1,0.0,,8.31,,7.25,7.05,7.08,7.09,6.88,,,,,,,,,,,,,,,,,,,
1973-12-31,261.0,848.9,7.5,7.613333333333333,5727.96,1.0,,7.27,,6.81,6.8,6.77,6.74,6.28,,,,,,,,,,,,,,,,,,,
1974-03-31,265.3,864.2,7.616666666666667,7.4799999999999995,5678.713000000001,1.0,,7.76,,7.35,7.31,7.34,7.21,5.94,,,,,,,,,,,,,,,,,,,
1974-06-30,267.6,874.6,8.153333333333334,8.28,5692.21,1.0,,8.67,,8.15,8.1,7.9,7.54,6.38,,,,,,,,,,,,,,,,,,,
1974-09-30,270.1,884.1,8.19,8.526666666666666,5638.411,1.0,,8.87,,8.41,8.37,8.25,8.04,6.05,,,,,,,,,,,,,,,,,,,
1974-12-31,273.7,898.6,7.359999999999999,7.456666666666667,5616.526,1.0,,7.31,,7.24,7.31,7.38,7.43,6.0,,,,,,,,,,,,,,,,,,,
1975-03-31,275.0,914.1,5.75,5.866666666666667,5548.156,0.0,,6.11,,6.81,7.3,7.58,7.73,6.06,,,,,,,,,,,,,,,,,,,
1975-06-30,279.2,947.9,5.3933333333333335,5.733333333333333,5587.8,0.0,,6.29,,7.17,7.51,7.69,7.86,6.01,,,,,,,,,,,,,,,,,,,
1975-09-30,284.1,983.1,6.330000000000001,6.786666666666666,5683.444,0.0,,7.75,,8.29,8.37,8.39,8.43,6.05,,,,,,,,,,,,,,,,,,,
1975-12-31,286.8,1006.9,5.626666666666668,5.966666666666666,5759.972,0.0,,6.6,,7.43,7.76,7.93,8.0,5.96,,,,,,,,,,,,,,,,,,,
1976-03-31,290.8,1040.3,4.916666666666667,5.260000000000001,5889.5,0.0,,6.21,,7.13,7.49,7.65,7.73,6.91,,,,,,,,,,,,,,,,,,,
1976-06-30,295.9,1072.1,5.156666666666667,5.523333333333333,5932.710999999999,0.0,,6.52,7.06,7.31,7.61,7.75,7.86,7.06,,,,,,,,,,,,,,,,,,,
1976-09-30,299.0,1098.7,5.15,5.41,5965.265,0.0,,5.84,6.42,6.66,7.13,7.41,7.59,7.25,,,,,,,,,,,,,,,,,,,
1976-12-31,303.6,1138.2,4.673333333333333,4.816666666666666,6008.504,0.0,,4.89,5.38,5.68,6.1,6.37,6.87,7.29,,,,,,,,,,,,,,,,,,,
1977-03-31,311.5,1177.6,4.63,4.87,6079.494000000001,0.0,,5.5,6.09,6.47,6.93,7.2,7.46,7.73,,,,,,,,,,,,,,,,,,,
1977-06-30,317.2,1209.0,4.84,5.07,6197.686,0.0,,5.8,6.13,6.39,6.76,7.05,7.28,8.1,,,,,,,,,,,,,,,,,,,
1977-09-30,322.3,1237.0,5.496666666666666,5.756666666666667,6309.514,0.0,,6.53,6.71,6.84,7.04,7.21,7.34,8.59,,,,,,,,,,,,,,,,,,,
1977-12-31,328.6,1262.4,6.109999999999999,6.413333333333334,6309.651999999999,0.0,,6.96,7.18,7.3,7.48,7.59,7.69,7.91,,,,,,,,,,,,,,,,,,,
1978-03-31,335.3,1285.5,6.3933333333333335,6.69,6329.791,0.0,,7.31,7.58,7.7,7.86,7.95,8.04,7.99,,,,,,,,,,,,,,,,,,,
1978-06-30,344.9,1310.5,6.476666666666667,6.993333333333333,6574.39,0.0,,8.09,8.24,8.3,8.36,8.4,8.46,8.04,,,,,,,,,,,,,,,,,,,
1978-09-30,349.6,1333.5,7.313333333333333,7.6000000000000005,6640.496999999999,0.0,,8.64,8.57,8.41,8.43,8.42,8.42,8.57,,,,,,,,,,,,,,,,,,,
1978-12-31,355.4,1359.1,8.57,9.049999999999999,6729.755,0.0,,10.3,9.72,9.33,9.08,9.03,9.01,8.23,,,,,,,,,,,,,,,,,,,
1979-03-31,359.9,1377.8,9.383333333333335,9.450000000000001,6741.854,0.0,,10.25,9.79,9.38,9.2,9.15,9.12,7.97,,,,,,,,,,,,,,,,,,,
1979-06-30,369.6,1410.2,9.376666666666667,9.363333333333335,6749.063,0.0,,9.57,9.22,8.95,8.85,8.86,8.91,8.03,,,,,,,,,,,,,,,,,,,
1979-09-30,378.8,1446.6,9.673333333333332,9.643333333333333,6799.2,0.0,,10.84,10.06,9.69,9.41,9.38,9.33,7.78,,,,,,,,,,,,,,,,,,,
1979-12-31,380.8,1465.9,11.843333333333334,11.773333333333333,6816.203,0.0,,11.98,11.39,10.71,10.42,10.42,10.39,7.3,,,,,,,,,,,,,,,,,,,
1980-03-31,390.1,1494.6,13.353333333333333,13.243333333333332,6837.641,1.0,,15.82,14.88,14.05,13.47,13.0,12.75,7.73,,,,,,,,,,,,,,,,,,,
1980-06-30,384.8,1512.3,9.616666666666667,9.610000000000001,6696.753000000001,1.0,,8.16,8.73,8.91,9.21,9.45,9.78,7.64,,,,,,,,,,,,,,,,,,,
1980-09-30,399.2,1561.5,9.153333333333334,9.346666666666666,6688.794,0.0,,11.52,11.57,11.57,11.62,11.57,11.51,7.57,,,,,,,,,,,,,,,,,,,
1980-12-31,410.7,1595.8,13.613333333333335,13.256666666666668,6813.535,0.0,,14.88,14.08,13.65,13.25,13.0,12.84,7.87,7.8,,,,,,,,,,,,,,,,,,
1981-03-31,414.8,1618.7,14.39,13.646666666666668,6947.0419999999995,0.0,,13.71,13.57,13.51,13.41,13.24,13.12,8.21,7.64,,,,,,,,,,,,,,,,,,
1981-06-30,424.7,1664.2,14.906666666666666,14.276666666666666,6895.559,0.0,,14.86,14.51,14.29,13.95,13.67,13.47,8.53,7.64,,,,,,,,,,,,,,,,,,
1981-09-30,426.9,1694.3,15.053333333333333,15.06,6978.135,1.0,,16.52,16.46,16.22,15.93,15.65,15.32,8.47,7.94,,,,,,,,,,,,,,,,,,
1981-12-31,431.3,1736.1,11.75,12.213333333333333,6902.105,1.0,,12.85,13.29,13.66,13.6,13.62,13.72,8.9,8.23,,,,,,,,,,,,,,,,,,
1982-03-31,441.9,1774.5,12.813333333333333,13.069999999999999,6794.878000000001,1.0,13.31,13.95,14.19,14.13,13.98,13.93,13.86,9.08,8.5,,,,,,,,,,,,,,,,,,
1982-06-30,446.7,1815.4,12.42,12.553333333333333,6825.876,1.0,13.08,14.07,14.47,14.48,14.43,14.47,14.3,8.91,8.47,,,,,,,,,,,,,,,,,,
1982-09-30,451.4,1845.2,9.316666666666668,10.376666666666667,6799.781,1.0,8.19,10.85,11.78,12.03,12.25,12.36,12.34,9.21,8.88,,,,,,,,,,,,,,,,,,
1982-12-31,471.5,1883.7,7.906666666666667,8.263333333333334,6802.496999999999,0.0,8.2,8.91,9.66,9.88,10.22,10.49,10.54,10.18,9.03,,,,,,,,,,,,,,,,,,
1983-03-31,484.3,1996.8,8.106666666666667,8.176666666666668,6892.144,0.0,8.66,9.04,9.66,9.84,10.08,10.31,10.51,12.49,8.92,,,,,,,,,,,,,,,,,,
1983-06-30,500.0,2043.1,8.396666666666667,8.47,7048.982,0.0,9.14,9.66,10.18,10.32,10.63,10.83,10.85,9.89,9.17,,,,,,,,,,,,,,,,,,
1983-09-30,510.5,2074.0,9.14,9.306666666666667,7189.896,0.0,9.36,10.16,10.79,11.07,11.43,11.61,11.65,11.47,10.12,,,,,,,,,,,,,,,,,,
1983-12-31,519.0,2112.3,8.799999999999999,8.976666666666667,7339.893,0.0,9.36,10.11,10.84,11.13,11.54,11.78,11.83,12.49,12.34,,,,,,,,,,,,,,,,,,
1984-03-31,527.5,2158.2,9.17,9.283333333333333,7483.371,0.0,9.89,10.59,11.31,11.59,12.02,12.25,12.32,12.94,9.81,,,,,,,,,,,,,,,,,,
1984-06-30,536.7,2204.1,9.796666666666667,10.219999999999999,7612.668000000001,0.0,10.26,12.08,12.91,13.18,13.48,13.56,13.56,13.2,11.34,,,,,,,,,,,,,,,,,,
1984-09-30,541.0,2230.4,10.32,10.533333333333333,7686.059,0.0,10.8,11.58,12.2,12.34,12.53,12.6,12.52,15.07,12.4,,,,,,,,,,,,,,,,,,
1984-12-31,547.5,2281.4,8.803333333333335,8.986666666666666,7749.151,0.0,8.34,9.33,10.18,10.56,11.07,11.45,11.5,13.73,12.69,1277.719971,1305.099976,1266.890015,1286.77002,1286.77002,44450000.0,1277.719971,1305.099976,1266.890015,1286.77002,1286.77002,44450000.0,1277.719971,1305.099976,1266.890015,1286.77002,1286.77002,44450000.0
1985-03-31,563.6,2354.1,8.183333333333334,8.43,7824.246999999999,0.0,8.83,9.86,10.71,11.05,11.52,11.82,11.86,13.75,12.96,1264.800049,1290.300049,1245.800049,1258.060059,1258.060059,187110000.0,1264.800049,1290.300049,1245.800049,1258.060059,1258.060059,187110000.0,1264.800049,1290.300049,1245.800049,1258.060059,1258.060059,187110000.0
1985-06-30,575.1,2389.5,7.46,7.656666666666666,7893.1359999999995,0.0,7.18,7.8,8.69,9.05,9.6,10.08,10.16,14.18,14.67,1334.01001,1372.199951,1313.400024,1347.449951,1347.449951,235130000.0,1334.01001,1372.199951,1313.400024,1347.449951,1347.449951,235130000.0,1334.01001,1372.199951,1313.400024,1347.449951,1347.449951,235130000.0
1985-09-30,596.2,2444.0,7.1066666666666665,7.263333333333333,8013.674,0.0,7.33,8.07,8.98,9.37,9.81,10.24,10.37,12.16,13.45,1329.640015,1384.630005,1315.189941,1374.310059,1374.310059,253060000.0,1329.640015,1384.630005,1315.189941,1374.310059,1374.310059,253060000.0,1329.640015,1384.630005,1315.189941,1374.310059,1374.310059,253060000.0
1985-12-31,612.2,2477.8,7.166666666666667,7.256666666666667,8073.2390000000005,0.0,7.33,7.67,8.15,8.4,8.73,9.11,9.26,10.62,13.53,1546.219971,1582.910034,1491.73999,1570.98999,1570.98999,311020000.0,1546.219971,1582.910034,1491.73999,1570.98999,1570.98999,311020000.0,1546.219971,1582.910034,1491.73999,1570.98999,1570.98999,311020000.0
1986-03-31,625.2,2512.9,6.896666666666666,6.946666666666666,8148.603,0.0,6.76,7.03,7.21,7.3,7.46,7.67,7.78,10.8,13.92,1822.0799559999998,1870.160034,1712.52002,1783.97998,1783.97998,441280000.0,1822.0799559999998,1870.160034,1712.52002,1783.97998,1783.97998,441280000.0,1822.0799559999998,1870.160034,1712.52002,1783.97998,1783.97998,441280000.0
1986-06-30,652.0,2584.8,6.140000000000001,6.18,8185.303000000001,0.0,6.4,6.73,7.18,7.41,7.64,7.75,7.8,11.12,12.07,1889.7600100000002,1922.6700440000002,1741.560059,1775.310059,1775.310059,341490000.0,1889.7600100000002,1922.6700440000002,1741.560059,1775.310059,1775.310059,341490000.0,1889.7600100000002,1922.6700440000002,1741.560059,1775.310059,1775.310059,341490000.0
1986-09-30,678.7,2646.5,5.523333333333333,5.586666666666666,8263.639000000001,0.0,5.35,5.77,6.35,6.62,6.92,7.28,7.45,11.82,10.43,1775.030029,1894.689941,1761.25,1877.709961,1877.709961,399830000.0,1775.030029,1894.689941,1761.25,1877.709961,1877.709961,399830000.0,1775.030029,1894.689941,1761.25,1877.709961,1877.709961,399830000.0
1986-12-31,705.4,2701.3,5.353333333333333,5.406666666666666,8308.021,0.0,5.68,5.87,6.27,6.43,6.67,6.97,7.11,12.02,10.63,1900.589966,2214.570068,1897.359985,2158.040039,2158.040039,536660000.0,1900.589966,2214.570068,1897.359985,2158.040039,2158.040039,536660000.0,1900.589966,2214.570068,1897.359985,2158.040039,2158.040039,536660000.0
1987-03-31,730.7,2747.5,5.536666666666666,5.543333333333334,8369.93,0.0,5.77,6.03,6.42,6.58,6.79,7.06,7.25,12.45,10.93,2277.1298829999996,2428.409912,2180.540039,2286.360107,2286.360107,561360000.0,2277.1298829999996,2428.409912,2180.540039,2286.360107,2286.360107,561360000.0,2277.1298829999996,2428.409912,2180.540039,2286.360107,2286.360107,561360000.0
1987-06-30,745.8,2772.9,5.656666666666666,5.9799999999999995,8460.233,0.0,5.85,6.8,7.57,7.82,8.02,8.27,8.4,13.54,11.63,2410.080078,2588.330078,2391.26001,2572.070068,2572.070068,490720000.0,2410.080078,2588.330078,2391.26001,2572.070068,2572.070068,490720000.0,2410.080078,2588.330078,2391.26001,2572.070068,2572.070068,490720000.0
1987-09-30,744.9,2788.2,6.043333333333334,6.183333333333334,8533.635,0.0,6.62,7.67,8.34,8.67,8.94,9.26,9.42,12.42,11.88,2601.5,2662.3701170000004,1616.209961,1993.530029,1993.530029,829250000.0,2601.5,2662.3701170000004,1616.209961,1993.530029,1993.530029,829250000.0,2601.5,2662.3701170000004,1616.209961,1993.530029,1993.530029,829250000.0
1987-12-31,753.2,2818.9,5.863333333333333,6.413333333333334,8680.162,0.0,5.96,7.17,7.86,8.13,8.45,8.82,8.99,11.64,12.38,1952.589966,2075.27002,1845.9899899999998,1958.219971,1958.219971,433000000.0,1952.589966,2075.27002,1845.9899899999998,1958.219971,1958.219971,433000000.0,1952.589966,2075.27002,1845.9899899999998,1958.219971,1958.219971,433000000.0
1988-03-31,757.7,2870.4,5.723333333333333,6.03,8725.006,0.0,5.87,6.71,7.27,7.5,7.83,8.19,8.37,12.06,13.44,1989.890015,2121.350098,1968.0,2032.3299559999998,2032.3299559999998,413590000.0,1989.890015,2121.350098,1968.0,2032.3299559999998,2032.3299559999998,413590000.0,1989.890015,2121.350098,1968.0,2032.3299559999998,2032.3299559999998,413590000.0
1988-06-30,771.7,2926.0,6.21,6.493333333333333,8839.641,0.0,6.66,7.49,8.03,8.22,8.49,8.78,8.92,10.57,12.29,2144.909912,2169.449951,2047.300049,2128.72998,2128.72998,318910000.0,2144.909912,2169.449951,2047.300049,2128.72998,2128.72998,318910000.0,2144.909912,2169.449951,2047.300049,2128.72998,2128.72998,318910000.0
1988-09-30,783.3,2952.0,7.010000000000001,7.27,8891.435,0.0,7.48,8.09,8.46,8.57,8.69,8.87,8.98,10.8,11.52,2110.77002,2195.060059,2082.330078,2148.649902,2148.649902,387840000.0,2110.77002,2195.060059,2082.330078,2148.649902,2148.649902,387840000.0,2110.77002,2195.060059,2082.330078,2148.649902,2148.649902,387840000.0
1988-12-31,784.9,2980.2,7.726666666666667,7.859999999999999,9009.913,0.0,8.35,8.99,9.09,9.11,9.09,9.13,9.11,9.75,11.81,2163.209961,2350.179932,2127.139893,2342.320068,2342.320068,437810000.0,2163.209961,2350.179932,2127.139893,2342.320068,2342.320068,437810000.0,2163.209961,2350.179932,2127.139893,2342.320068,2342.320068,437810000.0
1989-03-31,783.8,2992.2,8.54,8.586666666666666,9101.508,0.0,9.14,9.57,9.68,9.61,9.51,9.43,9.36,8.09,10.45,2296.189941,2433.100098,2282.070068,2418.800049,2418.800049,369260000.0,2296.189941,2433.100098,2282.070068,2418.800049,2418.800049,369260000.0,2296.189941,2433.100098,2282.070068,2418.800049,2418.800049,369260000.0
1989-06-30,775.0,3011.6,8.409999999999998,8.33,9170.976999999999,0.0,8.43,8.44,8.41,8.37,8.29,8.31,8.28,7.69,10.61,2448.790039,2668.25,2431.530029,2660.659912,2660.659912,363700000.0,2448.790039,2668.25,2431.530029,2660.659912,2660.659912,363700000.0,2448.790039,2668.25,2431.530029,2660.659912,2660.659912,363700000.0
1989-09-30,779.4,3074.4,7.843333333333334,7.696666666666668,9238.923,0.0,8.01,8.22,8.28,8.26,8.17,8.23,8.19,7.56,9.54,2692.820068,2809.080078,2496.929932,2645.080078,2645.080078,546520000.0,2692.820068,2809.080078,2496.929932,2645.080078,2645.080078,546520000.0,2692.820068,2809.080078,2496.929932,2645.080078,2645.080078,546520000.0
1989-12-31,787.9,3133.3,7.653333333333333,7.510000000000001,9257.128,0.0,7.88,7.72,7.78,7.77,7.75,7.85,7.84,7.28,7.96,2748.719971,2834.040039,2513.060059,2590.540039,2590.540039,474840000.0,2748.719971,2834.040039,2513.060059,2590.540039,2590.540039,474840000.0,2748.719971,2834.040039,2513.060059,2590.540039,2590.540039,474840000.0
1990-03-31,798.1,3179.2,7.760000000000001,7.7,9358.289,0.0,8.17,8.35,8.63,8.63,8.6,8.65,8.59,8.57,7.57,2684.01001,2793.469971,2627.699951,2656.76001,2656.76001,322230000.0,2684.01001,2793.469971,2627.699951,2656.76001,2656.76001,322230000.0,2684.01001,2793.469971,2627.699951,2656.76001,2656.76001,322230000.0
1990-06-30,804.2,3200.6,7.746666666666667,7.743333333333333,9392.251,0.0,7.99,8.1,8.35,8.4,8.43,8.52,8.48,8.47,7.62,2883.169922,3024.26001,2833.169922,2905.199951,2905.199951,422380000.0,2883.169922,3024.26001,2833.169922,2905.199951,2905.199951,422380000.0,2883.169922,3024.26001,2833.169922,2905.199951,2905.199951,422380000.0
1990-09-30,815.7,3242.0,7.476666666666667,7.406666666666666,9398.499,1.0,7.6,7.76,8.08,8.27,8.51,8.79,8.89,8.96,7.37,2474.25,2565.350098,2344.310059,2442.330078,2442.330078,483000000.0,2474.25,2565.350098,2344.310059,2442.330078,2442.330078,483000000.0,2474.25,2565.350098,2344.310059,2442.330078,2442.330078,483000000.0
1990-12-31,822.1,3262.6,6.989999999999999,6.963333333333334,9312.937,1.0,6.95,7.05,7.31,7.47,7.73,8.0,8.08,8.16,7.55,2627.22998,2747.280029,2447.030029,2736.389893,2736.389893,463830000.0,2627.22998,2747.280029,2447.030029,2736.389893,2736.389893,463830000.0,2627.22998,2747.280029,2447.030029,2736.389893,2736.389893,463830000.0
1991-03-31,832.6,3304.5,6.023333333333333,6.043333333333334,9269.367,0.0,6.09,6.4,7.1,7.35,7.77,8.0,8.11,8.2,8.57,2901.97998,3030.449951,2848.51001,2887.8701170000004,2887.8701170000004,462060000.0,2901.97998,3030.449951,2848.51001,2887.8701170000004,2887.8701170000004,462060000.0,2901.97998,3030.449951,2848.51001,2887.8701170000004,2887.8701170000004,462060000.0
1991-06-30,848.8,3343.0,5.56,5.69,9341.642,0.0,5.75,6.36,6.96,7.39,7.94,8.17,8.28,8.38,9.59,2925.540039,3039.580078,2897.360107,3024.820068,3024.820068,368370000.0,2925.540039,3039.580078,2897.360107,3024.820068,3024.820068,368370000.0,2925.540039,3039.580078,2897.360107,3024.820068,3024.820068,368370000.0
1991-09-30,866.8,3355.0,5.376666666666666,5.446666666666666,9388.845,0.0,5.37,5.57,6.18,6.5,7.14,7.48,7.65,7.8,9.12,3026.159912,3091.01001,2925.540039,3069.100098,3069.100098,453990000.0,3026.159912,3091.01001,2925.540039,3069.100098,3069.100098,453990000.0,3026.159912,3091.01001,2925.540039,3069.100098,3069.100098,453990000.0
1991-12-31,887.6,3365.5,4.54,4.583333333333333,9421.565,0.0,4.18,4.38,5.03,5.39,6.19,6.69,7.09,7.39,8.63,3152.100098,3299.189941,3139.310059,3223.399902,3223.399902,561160000.0,3152.100098,3299.189941,3139.310059,3223.399902,3223.399902,561160000.0,3152.100098,3299.189941,3139.310059,3223.399902,3223.399902,561160000.0
1992-03-31,925.2,3400.0,3.893333333333333,3.9933333333333336,9534.346,0.0,4.14,4.63,5.69,6.18,6.95,7.26,7.54,7.76,9.0,3235.5,3366.5,3161.22998,3359.100098,3359.100098,458300000.0,3235.5,3366.5,3161.22998,3359.100098,3359.100098,458300000.0,3235.5,3366.5,3161.22998,3359.100098,3359.100098,458300000.0
1992-06-30,950.6,3398.6,3.6799999999999997,3.796666666666667,9637.732,0.0,3.75,4.17,5.05,5.6,6.48,6.9,7.26,7.56,9.06,3318.800049,3402.959961,3266.530029,3393.8000490000004,3393.8000490000004,449770000.0,3318.800049,3402.959961,3266.530029,3393.8000490000004,3393.8000490000004,449770000.0,3318.800049,3402.959961,3266.530029,3393.8000490000004,3393.8000490000004,449770000.0
1992-09-30,973.7,3398.8,3.0833333333333335,3.15,9732.979,0.0,2.97,3.18,3.89,4.42,5.38,5.96,6.42,6.88,9.01,3271.699951,3280.850098,3095.790039,3226.300049,3226.300049,530760000.0,3271.699951,3280.850098,3095.790039,3226.300049,3226.300049,530760000.0,3271.699951,3280.850098,3095.790039,3226.300049,3226.300049,530760000.0
1992-12-31,1015.7,3426.5,3.0700000000000003,3.2466666666666666,9834.51,0.0,3.29,3.71,4.67,5.21,6.08,6.46,6.77,7.1,9.17,3301.100098,3320.830078,3231.949951,3310.0,3310.0,620010000.0,3301.100098,3320.830078,3231.949951,3310.0,3310.0,620010000.0,3301.100098,3320.830078,3231.949951,3310.0,3310.0,620010000.0
1993-03-31,1033.5,3414.5,2.9599999999999995,3.0866666666666664,9850.973,0.0,3.01,3.33,3.95,4.4,5.19,5.66,5.98,6.4,8.27,3435.100098,3481.580078,3363.790039,3427.5500490000004,3427.5500490000004,645990000.0,3435.100098,3481.580078,3363.790039,3427.5500490000004,3427.5500490000004,645990000.0,3435.100098,3481.580078,3363.790039,3427.5500490000004,3427.5500490000004,645990000.0
1993-06-30,1065.9,3436.9,2.966666666666667,3.08,9908.347,0.0,3.14,3.54,4.16,4.53,5.22,5.61,5.96,6.39,8.15,3516.100098,3583.5,3449.899902,3539.469971,3539.469971,500980000.0,3516.100098,3583.5,3449.899902,3539.469971,3539.469971,500980000.0,3516.100098,3583.5,3449.899902,3539.469971,3539.469971,500980000.0
1993-09-30,1094.2,3445.7,3.003333333333334,3.1200000000000006,9955.641,0.0,3.01,3.36,3.85,4.17,4.73,5.08,5.36,5.68,7.9,3555.100098,3708.820068,3553.719971,3680.5900880000004,3680.5900880000004,529130000.0,3555.100098,3708.820068,3553.719971,3680.5900880000004,3680.5900880000004,529130000.0,3555.100098,3708.820068,3553.719971,3680.5900880000004,3680.5900880000004,529130000.0
1993-12-31,1124.1,3470.1,3.06,3.203333333333333,10091.049,0.0,3.13,3.61,4.21,4.54,5.15,5.48,5.77,6.4,8.56,3754.100098,3985.959961,3742.8100590000004,3978.360107,3978.360107,619530000.0,3754.100098,3985.959961,3742.8100590000004,3978.360107,3978.360107,619530000.0,3754.100098,3985.959961,3742.8100590000004,3978.360107,3978.360107,619530000.0
1994-03-31,1136.3,3475.7,3.2433333333333336,3.453333333333333,10188.954,0.0,3.59,4.32,5.0,5.4,5.94,6.28,6.48,7.0,8.46,3634.5,3710.8400880000004,3552.469971,3681.6899409999996,3681.6899409999996,566680000.0,3634.5,3710.8400880000004,3552.469971,3681.6899409999996,3681.6899409999996,566680000.0,3634.5,3710.8400880000004,3552.469971,3681.6899409999996,3681.6899409999996,566680000.0
1994-06-30,1143.3,3490.8,3.986666666666667,4.413333333333333,10327.019,0.0,4.25,5.27,5.93,6.27,6.7,6.91,7.1,7.51,9.03,3625.0,3770.0,3623.0200200000004,3764.5,3764.5,450610000.0,3625.0,3770.0,3623.0200200000004,3764.5,3764.5,450610000.0,3625.0,3770.0,3623.0200200000004,3764.5,3764.5,450610000.0
1994-09-30,1150.6,3485.7,4.476666666666667,4.89,10387.382,0.0,4.75,5.76,6.39,6.69,7.08,7.28,7.46,7.87,8.24,3843.1999509999996,3949.8400880000004,3747.969971,3908.1201170000004,3908.1201170000004,636250000.0,3843.1999509999996,3949.8400880000004,3747.969971,3908.1201170000004,3908.1201170000004,636250000.0,3843.1999509999996,3949.8400880000004,3747.969971,3908.1201170000004,3908.1201170000004,636250000.0
1994-12-31,1150.9,3487.2,5.28,5.773333333333333,10506.372,0.0,5.76,7.14,7.59,7.71,7.78,7.8,7.81,7.99,8.29,3834.399902,3936.719971,3817.26001,3843.860107,3843.860107,615760000.0,3834.399902,3936.719971,3817.26001,3843.860107,3843.860107,615760000.0,3834.399902,3936.719971,3817.26001,3843.860107,3843.860107,615760000.0
1995-03-31,1147.4,3489.9,5.736666666666667,6.043333333333333,10543.643999999998,0.0,5.91,6.43,6.78,6.89,7.05,7.14,7.2,7.57,8.47,4157.700195,4328.529785,4155.959961,4321.27002,4321.27002,547570000.0,4157.700195,4328.529785,4155.959961,4321.27002,4321.27002,547570000.0,4157.700195,4328.529785,4155.959961,4321.27002,4321.27002,547570000.0
1995-06-30,1145.3,3524.2,5.596666666666667,5.62,10575.1,0.0,5.64,5.64,5.72,5.8,5.93,6.05,6.17,6.59,7.95,4556.100098,4747.209961,4551.25,4708.470215,4708.470215,665580000.0,4556.100098,4747.209961,4551.25,4708.470215,4708.470215,665580000.0,4556.100098,4747.209961,4551.25,4708.470215,4708.470215,665580000.0
1995-09-30,1145.4,3589.0,5.366666666666667,5.36,10665.06,0.0,5.43,5.62,5.81,5.89,6.0,6.13,6.2,6.65,7.7,4789.799805,4816.899902,4659.740234000001,4755.47998,4755.47998,685570000.0,4789.799805,4816.899902,4659.740234000001,4755.47998,4755.47998,685570000.0,4789.799805,4816.899902,4659.740234000001,4755.47998,4755.47998,685570000.0
1995-12-31,1134.1,3619.9,5.260000000000001,5.239999999999999,10737.478000000001,0.0,5.29,5.31,5.32,5.39,5.51,5.63,5.71,6.12,7.97,5115.700195,5408.669922,5014.52002,5395.299805,5395.299805,851030000.0,5115.700195,5408.669922,5014.52002,5395.299805,5395.299805,851030000.0,5115.700195,5408.669922,5014.52002,5395.299805,5395.299805,851030000.0
1996-03-31,1118.5,3661.8,4.93,4.883333333333333,10817.896,0.0,5.1,5.34,5.66,5.79,5.97,6.19,6.27,6.74,7.84,5588.600098,5697.689941,5415.529785,5569.080078,5569.080078,756530000.0,5588.600098,5697.689941,5415.529785,5569.080078,5569.080078,756530000.0,5588.600098,5697.689941,5415.529785,5569.080078,5569.080078,756530000.0
1996-06-30,1116.5,3709.6,5.02,5.1433333333333335,10998.322,0.0,5.23,5.81,6.3,6.49,6.69,6.83,6.91,7.22,7.34,5654.600098,5733.310059,5182.319824,5528.910156,5528.910156,781850000.0,5654.600098,5733.310059,5182.319824,5528.910156,5528.910156,781850000.0,5654.600098,5733.310059,5182.319824,5528.910156,5528.910156,781850000.0
1996-09-30,1101.6,3744.1,5.096666666666667,5.223333333333334,11096.976,0.0,5.24,5.83,6.23,6.41,6.6,6.73,6.83,7.17,7.44,5878.399902,6133.72998,5861.669922,6029.379883,6029.379883,766260000.0,5878.399902,6133.72998,5861.669922,6029.379883,6029.379883,766260000.0,5878.399902,6133.72998,5861.669922,6029.379883,6029.379883,766260000.0
1996-12-31,1083.5,3790.0,4.976666666666667,5.073333333333333,11212.205,0.0,5.04,5.47,5.78,5.91,6.07,6.2,6.3,6.65,6.82,6447.5,6906.600098000001,6352.830078,6813.089844,6813.089844,1003920000.0,6447.5,6906.600098000001,6352.830078,6813.089844,6813.089844,1003920000.0,6447.5,6906.600098000001,6352.830078,6813.089844,6813.089844,1003920000.0
1997-03-31,1078.8,3836.3,5.06,5.14,11284.587,0.0,5.28,5.8,6.22,6.38,6.54,6.65,6.69,7.05,6.81,6583.5,7057.549805,6356.779785,7009.0,7009.0,1098930000.0,6583.5,7057.549805,6356.779785,7009.0,7009.0,1098930000.0,6583.5,7057.549805,6356.779785,7009.0,7009.0,1098930000.0
1997-06-30,1063.8,3879.1,5.046666666666667,5.266666666666667,11472.136999999999,0.0,5.07,5.69,6.09,6.24,6.38,6.46,6.49,6.84,6.0,7678.0,8282.769531,7667.359863,8222.599609,8222.599609,1265280000.0,7678.0,8282.769531,7667.359863,8222.599609,8222.599609,1265280000.0,7678.0,8282.769531,7667.359863,8222.599609,8222.599609,1265280000.0
1997-09-30,1075.3,3947.3,5.046666666666667,5.133333333333334,11615.636,0.0,5.08,5.52,5.88,5.98,6.11,6.2,6.21,6.56,6.25,7948.5,8184.700195,6971.069823999999,7442.100098000001,7442.100098000001,1605030000.0,7948.5,8184.700195,6971.069823999999,7442.100098000001,7442.100098000001,1605030000.0,7948.5,8184.700195,6971.069823999999,7442.100098000001,7442.100098000001,1605030000.0
1997-12-31,1070.9,4004.6,5.09,5.166666666666667,11715.393,0.0,5.3,5.53,5.72,5.74,5.77,5.83,5.81,6.07,6.91,7910.200195,8035.540039,7443.410156,7906.5,7906.5,1324260000.0,7910.200195,8035.540039,7443.410156,7906.5,7906.5,1324260000.0,7910.200195,8035.540039,7443.410156,7906.5,7906.5,1324260000.0
1998-03-31,1077.8,4078.8,5.053333333333334,5.046666666666667,11832.486,0.0,5.16,5.39,5.56,5.57,5.61,5.71,5.65,6.01,7.4,8801.55957,9213.330078,8748.740234,9063.370117,9063.370117,1387960000.0,8801.55957,9213.330078,8748.740234,9063.370117,9063.370117,1387960000.0,8801.55957,9213.330078,8748.740234,9063.370117,9063.370117,1387960000.0
1998-06-30,1079.1,4154.0,4.976666666666667,5.1066666666666665,11942.032,0.0,5.12,5.41,5.52,5.52,5.52,5.56,5.5,5.8,7.71,8958.990234,9367.839844,8816.089844,8883.290039,8883.290039,1413670000.0,8958.990234,9367.839844,8816.089844,8883.290039,8883.290039,1413670000.0,8958.990234,9367.839844,8816.089844,8883.290039,8883.290039,1413670000.0
1998-09-30,1075.9,4218.5,4.823333333333333,4.87,12091.614,0.0,4.74,4.71,4.67,4.62,4.62,4.76,4.81,5.38,7.87,7841.330078,8659.80957,7467.490234000001,8592.099609,8592.099609,1916330000.0,7841.330078,8659.80957,7467.490234000001,8592.099609,8592.099609,1916330000.0,7841.330078,8659.80957,7467.490234000001,8592.099609,8592.099609,1916330000.0
1998-12-31,1094.9,4336.1,4.253333333333334,4.29,12287.0,0.0,4.5,4.52,4.51,4.48,4.45,4.65,4.65,5.36,7.45,9184.009766,9647.959961,9063.259766,9358.830078,9358.830078,1746490000.0,9184.009766,9647.959961,9063.259766,9358.830078,9358.830078,1746490000.0,9184.009766,9647.959961,9063.259766,9358.830078,9358.830078,1746490000.0
1999-03-31,1096.7,4415.2,4.406666666666667,4.413333333333333,12403.293,0.0,4.57,4.78,5.05,5.11,5.14,5.09,5.23,5.87,6.57,9786.44043,10961.709961,9765.629883,10789.040039,10789.040039,2096500000.0,9786.44043,10961.709961,9765.629883,10789.040039,10789.040039,2096500000.0,9786.44043,10961.709961,9765.629883,10789.040039,10789.040039,2096500000.0
1999-06-30,1103.8,4474.9,4.453333333333333,4.583333333333333,12498.694,0.0,4.72,5.1,5.62,5.7,5.81,6.05,5.9,6.36,6.55,10966.049805,11252.269531,10647.860352,10655.150391,10655.150391,1672190000.0,10966.049805,11252.269531,10647.860352,10655.150391,10655.150391,1672190000.0,10966.049805,11252.269531,10647.860352,10655.150391,10655.150391,1672190000.0
1999-09-30,1099.2,4541.2,4.6499999999999995,4.776666666666666,12662.385,0.0,4.82,5.25,5.66,5.75,5.8,6.12,5.92,6.5,6.06,10335.69043,10790.019531,9976.019531,10729.860352,10729.860352,2203030000.0,10335.69043,10790.019531,9976.019531,10729.860352,10729.860352,2203030000.0,10335.69043,10790.019531,9976.019531,10729.860352,10729.860352,2203030000.0
1999-12-31,1110.7,4599.9,5.043333333333333,5.206666666666667,12877.593,0.0,5.36,5.84,6.1,6.14,6.19,6.38,6.28,6.69,6.6,11501.849609,11750.280273,10701.639648,10940.530273,10940.530273,3854530000.0,11501.849609,11750.280273,10701.639648,10940.530273,10940.530273,3854530000.0,11501.849609,11750.280273,10701.639648,10940.530273,10940.530273,3854530000.0
2000-03-31,1108.6,4669.0,5.5200000000000005,5.69,12924.178999999998,0.0,5.86,6.22,6.53,6.53,6.5,6.51,6.26,6.38,7.06,10863.280273,11425.450195,10201.530273,10733.910156,10733.910156,4049750000.0,10863.280273,11425.450195,10201.530273,10733.910156,10733.910156,4049750000.0,10863.280273,11425.450195,10201.530273,10733.910156,10733.910156,4049750000.0
2000-06-30,1104.9,4743.1,5.713333333333334,5.96,13160.841999999999,0.0,5.86,6.17,6.48,6.43,6.3,6.33,6.1,6.28,7.03,10450.360352,10874.629883,10393.089844,10521.980469,10521.980469,3248880000.0,10450.360352,10874.629883,10393.089844,10521.980469,10521.980469,3248880000.0,10450.360352,10874.629883,10393.089844,10521.980469,10521.980469,3248880000.0
2000-09-30,1100.2,4806.6,6.016666666666667,6.016666666666667,13178.419,0.0,6.18,6.13,6.08,6.02,5.93,5.98,5.8,6.09,6.55,10659.05957,10995.410156,9654.639648,10971.139648,10971.139648,6254820000.0,10659.05957,10995.410156,9654.639648,10971.139648,10971.139648,6254820000.0,10659.05957,10995.410156,9654.639648,10971.139648,10971.139648,6254820000.0
2000-12-31,1092.4,4869.0,6.016666666666667,5.926666666666667,13260.506000000001,0.0,5.94,5.6,5.35,5.26,5.17,5.28,5.24,5.64,6.93,10790.919922,11028.0,10468.040039,10887.360352,10887.360352,5825960000.0,10790.919922,11028.0,10468.040039,10887.360352,10887.360352,5825960000.0,10790.919922,11028.0,10468.040039,10887.360352,10887.360352,5825960000.0
2001-03-31,1101.2,5002.6,4.816666666666667,4.646666666666667,13222.69,1.0,4.54,4.3,4.34,4.43,4.64,4.88,4.89,5.49,6.77,9877.160156,10906.410156,9375.719727,10734.969727,10734.969727,5241100000.0,9877.160156,10906.410156,9375.719727,10734.969727,10734.969727,5241100000.0,9877.160156,10906.410156,9375.719727,10734.969727,10734.969727,5241100000.0
2001-06-30,1118.5,5121.1,3.66,3.6400000000000006,13299.983999999999,1.0,3.57,3.58,4.08,4.35,4.81,5.14,5.28,5.82,6.5,10504.950195,10679.120117,10120.889648,10522.80957,10522.80957,4605880000.0,10504.950195,10679.120117,10120.889648,10522.80957,10522.80957,4605880000.0,10504.950195,10679.120117,10120.889648,10522.80957,10522.80957,4605880000.0
2001-09-30,1150.2,5225.2,3.17,3.1233333333333335,13244.784,1.0,2.69,2.82,3.12,3.45,4.12,4.51,4.73,5.53,5.99,8845.969727,9598.169922,8732.139648,9075.139648,9075.139648,5722030000.0,8845.969727,9598.169922,8732.139648,9075.139648,9075.139648,5722030000.0,8845.969727,9598.169922,8732.139648,9075.139648,9075.139648,5722030000.0
2001-12-31,1171.0,5368.5,1.906666666666667,1.9266666666666667,13280.858999999999,0.0,1.72,2.22,3.11,3.62,4.39,4.86,5.09,5.76,5.95,10021.709961,10300.150391,9529.459961,9920.0,9920.0,4955760000.0,10021.709961,10300.150391,9529.459961,9920.0,9920.0,4955760000.0,10021.709961,10300.150391,9529.459961,9920.0,9920.0,4955760000.0
2002-03-31,1190.6,5471.4,1.72,1.8499999999999999,13397.002,0.0,1.83,2.57,3.56,4.14,4.74,5.14,5.28,5.93,5.7,10402.070313,10402.070313,9811.570313,9946.219727,9946.219727,5111860000.0,10402.070313,10402.070313,9811.570313,9946.219727,9946.219727,5111860000.0,10402.070313,10402.070313,9811.570313,9946.219727,9946.219727,5111860000.0
2002-06-30,1189.3,5509.4,1.7133333333333332,1.8566666666666667,13478.152,0.0,1.73,2.2,2.99,3.49,4.19,4.6,4.93,5.65,5.2,9239.25,9410.379883,7532.660156,8736.589844,8736.589844,7714600000.0,9239.25,9410.379883,7532.660156,8736.589844,8736.589844,7714600000.0,9239.25,9410.379883,7532.660156,8736.589844,8736.589844,7714600000.0
2002-09-30,1187.1,5619.4,1.6433333333333333,1.6300000000000001,13538.072,0.0,1.66,1.71,2.0,2.32,2.94,3.5,3.87,4.87,5.06,7593.040039,8558.629883,7197.490234000001,8397.030273,8397.030273,7498850000.0,7593.040039,8558.629883,7197.490234000001,8397.030273,8397.030273,7498850000.0,7593.040039,8558.629883,7197.490234000001,8397.030273,8397.030273,7498850000.0
2002-12-31,1209.6,5738.4,1.3333333333333333,1.3566666666666667,13559.032,0.0,1.21,1.45,1.84,2.23,3.03,3.63,4.03,5.01,5.58,8342.379883,8869.290039,7917.160156,8053.810059,8053.810059,5426600000.0,8342.379883,8869.290039,7917.160156,8053.810059,8053.810059,5426600000.0,8342.379883,8869.290039,7917.160156,8053.810059,8053.810059,5426600000.0
2003-03-31,1238.2,5828.5,1.1566666666666665,1.17,13634.253,0.0,1.15,1.24,1.57,1.98,2.78,3.34,3.81,4.82,6.04,7992.830078,8559.769531,7979.689941,8480.089844,8480.089844,5128590000.0,7992.830078,8559.769531,7979.689941,8480.089844,8480.089844,5128590000.0,7992.830078,8559.769531,7979.689941,8480.089844,8480.089844,5128590000.0
2003-06-30,1268.8,5946.6,1.04,1.0466666666666666,13751.543,0.0,0.94,1.01,1.23,1.51,2.27,2.84,3.33,4.34,6.07,8983.660156,9361.400391,8871.200195,9233.799805,9233.799805,4911390000.0,8983.660156,9361.400391,8871.200195,9233.799805,9233.799805,4911390000.0,8983.660156,9361.400391,8871.200195,9233.799805,9233.799805,4911390000.0
2003-09-30,1296.4,6088.2,0.93,0.9966666666666667,13985.073,0.0,0.96,1.24,1.71,2.23,3.18,3.74,4.27,5.21,6.35,9276.799805,9850.009766,9276.799805,9801.120117,9801.120117,4840970000.0,9276.799805,9850.009766,9276.799805,9801.120117,9801.120117,4840970000.0,9276.799805,9850.009766,9276.799805,9801.120117,9801.120117,4840970000.0
2003-12-31,1299.1,6056.1,0.9166666666666666,1.0033333333333332,14145.645,0.0,0.91,1.31,1.91,2.44,3.27,3.79,4.27,5.11,6.05,10452.740234,10705.179688,10367.410156,10488.070313,10488.070313,4380510000.0,10452.740234,10705.179688,10367.410156,10488.070313,10488.070313,4380510000.0,10452.740234,10705.179688,10367.410156,10488.070313,10488.070313,4380510000.0
2004-03-31,1321.4,6101.6,0.9166666666666666,0.9833333333333334,14221.146999999999,0.0,0.95,1.19,1.58,2.0,2.79,3.31,3.83,4.72,5.93,10357.519531,10570.80957,10219.179688,10225.570313,10225.570313,4530000000.0,10357.519531,10570.80957,10219.179688,10225.570313,10225.570313,4530000000.0,10357.519531,10570.80957,10219.179688,10225.570313,10225.570313,4530000000.0
2004-06-30,1333.3,6255.0,1.0766666666666667,1.3333333333333333,14329.523000000001,0.0,1.29,2.12,2.76,3.26,3.93,4.35,4.73,5.45,5.83,10434.0,10448.089844,9913.919922,10139.709961,10139.709961,4452180000.0,10434.0,10448.089844,9913.919922,10139.709961,10139.709961,4452180000.0,10434.0,10448.089844,9913.919922,10139.709961,10139.709961,4452180000.0
2004-09-30,1354.3,6297.1,1.4866666666666666,1.75,14464.983999999999,0.0,1.68,2.12,2.53,2.83,3.36,3.75,4.13,4.89,5.49,10082.040039,10270.370117,9708.400391,10027.469727,10027.469727,5292920000.0,10082.040039,10270.370117,9708.400391,10027.469727,10027.469727,5292920000.0,10082.040039,10270.370117,9708.400391,10027.469727,10027.469727,5292920000.0
2004-12-31,1374.2,6386.4,2.0066666666666664,2.233333333333333,14609.876,0.0,2.22,2.67,3.01,3.21,3.6,3.93,4.23,4.88,5.34,10783.75,10867.389648,10368.610352,10489.94043,10489.94043,5424930000.0,10783.75,10867.389648,10368.610352,10489.94043,10489.94043,5424930000.0,10783.75,10867.389648,10368.610352,10489.94043,10489.94043,5424930000.0
2005-03-31,1371.1,6419.6,2.5366666666666666,2.793333333333333,14771.601999999999,0.0,2.8,3.3,3.73,3.91,4.17,4.33,4.5,4.89,5.67,10504.570313,10568.929688,10000.459961,10192.509766,10192.509766,5852240000.0,10504.570313,10568.929688,10000.459961,10192.509766,10192.509766,5852240000.0,10504.570313,10568.929688,10000.459961,10192.509766,10192.509766,5852240000.0
2005-06-30,1366.0,6459.9,2.8633333333333333,3.0866666666666664,14839.782,0.0,3.04,3.36,3.64,3.68,3.77,3.86,4.0,4.35,5.48,10273.589844,10717.730469,10175.400391,10640.910156,10640.910156,4821200000.0,10273.589844,10717.730469,10175.400391,10640.910156,10640.910156,4821200000.0,10273.589844,10717.730469,10175.400391,10640.910156,10640.910156,4821200000.0
2005-09-30,1377.8,6556.6,3.36,3.5833333333333335,14972.053999999998,0.0,3.49,3.85,3.95,3.96,4.01,4.08,4.2,4.51,5.48,10569.5,10608.55957,10156.459961,10440.070313,10440.070313,5829060000.0,10569.5,10608.55957,10156.459961,10440.070313,10440.070313,5829060000.0,10569.5,10608.55957,10156.459961,10440.070313,10440.070313,5829060000.0
2005-12-31,1376.1,6641.2,3.8266666666666667,4.1066666666666665,15066.597,0.0,3.97,4.35,4.4,4.39,4.39,4.41,4.47,4.73,5.4,10718.299805,11047.759766,10661.150391,10864.860352,10864.860352,6552210000.0,10718.299805,11047.759766,10661.150391,10864.860352,10864.860352,6552210000.0,10718.299805,11047.759766,10661.150391,10864.860352,10864.860352,6552210000.0
2006-03-31,1378.4,6734.8,4.3933333333333335,4.483333333333333,15267.026000000002,0.0,4.63,4.77,4.73,4.74,4.72,4.71,4.72,4.91,4.73,11113.0,11417.660156,11039.120117,11367.139648,11367.139648,5584020000.0,11113.0,11417.660156,11039.120117,11367.139648,11367.139648,5584020000.0,11113.0,11417.660156,11039.120117,11367.139648,11367.139648,5584020000.0
2006-06-30,1387.2,6793.0,4.703333333333333,4.836666666666666,15302.705,0.0,4.92,5.16,5.12,5.09,5.07,5.08,5.11,5.29,5.15,11149.339844,11257.080078,10683.320313,11185.679688,11185.679688,5548680000.0,11149.339844,11257.080078,10683.320313,11185.679688,11185.679688,5548680000.0,11149.339844,11257.080078,10683.320313,11185.679688,11185.679688,5548680000.0
2006-09-30,1372.4,6903.3,4.906666666666666,4.973333333333333,15326.368,0.0,4.93,4.97,4.77,4.69,4.67,4.68,4.72,4.93,4.85,11678.990234,12167.019531,11653.05957,12080.730469,12080.730469,5665820000.0,11678.990234,12167.019531,11653.05957,12080.730469,12080.730469,5665820000.0,11678.990234,12167.019531,11653.05957,12080.730469,12080.730469,5665820000.0
2006-12-31,1370.8,7014.3,4.903333333333333,4.916666666666667,15456.928,0.0,4.97,4.94,4.67,4.58,4.53,4.54,4.56,4.78,4.68,12459.540039,12657.019531,12337.370117,12621.69043,12621.69043,5075440000.0,12459.540039,12657.019531,12337.370117,12621.69043,12621.69043,5075440000.0,12459.540039,12657.019531,12337.370117,12621.69043,12621.69043,5075440000.0
2007-03-31,1363.0,7111.3,4.983333333333334,4.933333333333334,15493.328000000001,0.0,5.08,4.92,4.57,4.51,4.48,4.5,4.56,4.81,4.72,12354.519531,13162.05957,12324.280273,13062.910156,13062.910156,4819810000.0,12354.519531,13162.05957,12324.280273,13062.910156,13062.910156,4819810000.0,12354.519531,13162.05957,12324.280273,13062.910156,13062.910156,4819810000.0
2007-06-30,1380.9,7231.0,4.736666666666667,4.8,15582.085,0.0,4.74,4.96,4.98,5.0,5.03,5.05,5.1,5.29,5.2,13409.599609,14021.950195,13199.790039,13211.990234,13211.990234,5512040000.0,13409.599609,14021.950195,13199.790039,13211.990234,13211.990234,5512040000.0,13409.599609,14021.950195,13199.790039,13211.990234,13211.990234,5512040000.0
2007-09-30,1376.3,7370.9,4.303333333333334,4.420000000000001,15666.738000000001,0.0,3.99,4.14,4.01,4.06,4.2,4.33,4.52,4.84,4.79,13895.709961000002,14198.099609,13407.490234,13930.009766,13930.009766,5010920000.0,13895.709961000002,14198.099609,13407.490234,13930.009766,13930.009766,5010920000.0,13895.709961000002,14198.099609,13407.490234,13930.009766,13930.009766,5010920000.0
2007-12-31,1371.8,7427.8,3.39,3.5666666666666664,15761.966999999999,1.0,3.07,3.26,3.12,3.13,3.49,3.74,4.1,4.57,4.53,13261.820313,13279.540039,11634.820313,12650.360352,12650.360352,7459830000.0,13261.820313,13279.540039,11634.820313,12650.360352,12650.360352,7459830000.0,13261.820313,13279.540039,11634.820313,12650.360352,12650.360352,7459830000.0
2008-03-31,1380.4,7576.5,2.0433333333333334,2.09,15671.383,1.0,1.28,1.54,1.62,1.8,2.48,2.93,3.51,4.36,4.39,12266.639648,13010.0,12266.469727,12820.129883,12820.129883,5050840000.0,12266.639648,13010.0,12266.469727,12820.129883,12820.129883,5050840000.0,12266.639648,13010.0,12266.469727,12820.129883,12820.129883,5050840000.0
2008-06-30,1393.4,7697.1,1.6266666666666667,1.8333333333333333,15752.308,1.0,1.89,2.42,2.77,3.08,3.49,3.73,4.1,4.74,4.69,11344.639648,11698.169922,10827.709961,11378.019531,11378.019531,5551580000.0,11344.639648,11698.169922,10827.709961,11378.019531,11378.019531,5551580000.0,11344.639648,11698.169922,10827.709961,11378.019531,11378.019531,5551580000.0
2008-09-30,1407.4,7776.0,1.4933333333333332,1.82,15667.032,1.0,1.15,1.91,2.08,2.32,2.88,3.25,3.69,4.32,4.27,10847.400391,10882.519531,7882.509765999999,9325.009766,9325.009766,8311580000.0,10847.400391,10882.519531,7882.509765999999,9325.009766,9325.009766,8311580000.0,10847.400391,10882.519531,7882.509765999999,9325.009766,9325.009766,8311580000.0
2008-12-31,1514.6,8004.6,0.2966666666666667,0.73,15328.027,1.0,0.03,0.49,0.82,1.07,1.52,1.89,2.42,3.18,2.87,8772.25,9088.05957,7909.029785,8000.859863,8000.859863,6261980000.0,8772.25,9088.05957,7909.029785,8000.859863,8000.859863,6261980000.0,8772.25,9088.05957,7909.029785,8000.859863,8000.859863,6261980000.0
2009-03-31,1567.2,8291.6,0.21333333333333335,0.38999999999999996,15155.94,1.0,0.22,0.64,0.93,1.31,1.82,2.42,2.82,3.78,3.64,7606.129883,8307.509766,7483.870117,8168.120117,8168.120117,7795900000.0,7606.129883,8307.509766,7483.870117,8168.120117,8168.120117,7795900000.0,7606.129883,8307.509766,7483.870117,8168.120117,8168.120117,7795900000.0
2009-06-30,1617.5,8418.2,0.17333333333333334,0.32,15134.117,0.0,0.18,0.51,1.18,1.76,2.71,3.37,3.72,4.51,4.52,8447.530273,9246.429688,8087.189941,9171.610352,9171.610352,4902340000.0,8447.530273,9246.429688,8087.189941,9171.610352,9171.610352,4902340000.0,8447.530273,9246.429688,8087.189941,9171.610352,9171.610352,4902340000.0
2009-09-30,1660.0,8432.2,0.15666666666666665,0.24666666666666667,15189.222,0.0,0.12,0.4,0.96,1.48,2.37,3.02,3.4,4.14,4.19,9711.599609,10119.469727,9430.080078,9712.730469,9712.730469,5151150000.0,9711.599609,10119.469727,9430.080078,9712.730469,9712.730469,5151150000.0,9711.599609,10119.469727,9430.080078,9712.730469,9712.730469,5151150000.0
2009-12-31,1683.0,8488.4,0.05666666666666667,0.16,15356.058,0.0,0.05,0.37,0.87,1.38,2.34,3.07,3.59,4.4,4.49,10430.69043,10729.889648,10043.75,10067.330078,10067.330078,4424700000.0,10430.69043,10729.889648,10043.75,10067.330078,10067.330078,4424700000.0,10430.69043,10729.889648,10043.75,10067.330078,10067.330078,4424700000.0
2010-03-31,1699.8,8495.3,0.10666666666666665,0.18333333333333332,15415.145,0.0,0.15,0.4,0.96,1.51,2.43,3.16,3.73,4.49,4.64,10857.30957,11258.009766,10844.089844,11008.610352,11008.610352,4237550000.0,10857.30957,11258.009766,10844.089844,11008.610352,11008.610352,4237550000.0,10857.30957,11258.009766,10844.089844,11008.610352,11008.610352,4237550000.0
2010-06-30,1710.1,8577.5,0.14666666666666667,0.21666666666666665,15557.277,0.0,0.12,0.32,0.72,1.17,2.0,2.66,3.2,3.95,4.13,9773.269531,10584.990234,9614.320313,10465.94043,10465.94043,4243320000.0,9773.269531,10584.990234,9614.320313,10465.94043,10465.94043,4243320000.0,9773.269531,10584.990234,9614.320313,10465.94043,10465.94043,4243320000.0
2010-09-30,1748.7,8656.5,0.15666666666666665,0.19333333333333336,15671.966999999999,0.0,0.15,0.26,0.48,0.74,1.41,2.05,2.65,3.47,3.77,10789.719727,11247.599609,10711.120117,11118.490234,11118.490234,3787250000.0,10789.719727,11247.599609,10711.120117,11118.490234,11118.490234,3787250000.0,10789.719727,11247.599609,10711.120117,11118.490234,11118.490234,3787250000.0
2010-12-31,1828.4,8757.4,0.1366666666666667,0.18333333333333335,15750.625,0.0,0.14,0.29,0.62,0.99,1.93,2.66,3.29,4.17,4.42,11577.429688,12020.519531,11573.870117,11891.929688,11891.929688,3681720000.0,11577.429688,12020.519531,11573.870117,11891.929688,11891.929688,3681720000.0,11577.429688,12020.519531,11573.870117,11891.929688,11891.929688,3681720000.0
2011-03-31,1872.6,8871.4,0.12666666666666668,0.17,15712.753999999999,0.0,0.1,0.26,0.7,1.17,2.11,2.8,3.41,4.27,4.51,12321.019531,12832.830078,12093.889648,12810.540039,12810.540039,3321090000.0,12321.019531,12832.830078,12093.889648,12810.540039,12810.540039,3321090000.0,12321.019531,12832.830078,12093.889648,12810.540039,12810.540039,3321090000.0
2011-06-30,1938.0,9029.2,0.04666666666666667,0.10333333333333333,15825.096000000001,0.0,0.04,0.18,0.41,0.71,1.58,2.29,3.0,3.91,4.23,12414.339844,12753.889648,12083.450195,12143.240234,12143.240234,3092480000.0,12414.339844,12753.889648,12083.450195,12143.240234,12143.240234,3092480000.0,12414.339844,12753.889648,12083.450195,12143.240234,12143.240234,3092480000.0
2011-09-30,2113.4,9515.1,0.02333333333333333,0.060000000000000005,15820.7,0.0,0.01,0.1,0.21,0.35,0.9,1.42,1.98,2.83,3.18,10912.099609,12284.30957,10404.490234,11955.009766,11955.009766,3907730000.0,10912.099609,12284.30957,10404.490234,11955.009766,11955.009766,3907730000.0,10912.099609,12284.30957,10404.490234,11955.009766,11955.009766,3907730000.0
2011-12-31,2166.8,9612.3,0.013333333333333334,0.05000000000000001,16004.107,0.0,0.01,0.12,0.26,0.39,0.89,1.43,1.98,2.67,2.98,12221.19043,12841.950195,12221.19043,12632.910156,12632.910156,2981080000.0,12221.19043,12841.950195,12221.19043,12632.910156,12632.910156,2981080000.0,12221.19043,12841.950195,12221.19043,12632.910156,12632.910156,2981080000.0
2012-03-31,2209.9,9773.1,0.06666666666666667,0.11,16129.418,0.0,0.08,0.19,0.34,0.51,1.02,1.56,2.17,2.94,3.28,13211.360352,13297.110352,12710.55957,13213.629883,13213.629883,2574900000.0,13211.360352,13297.110352,12710.55957,13213.629883,13213.629883,2574900000.0,13211.360352,13297.110352,12710.55957,13213.629883,13213.629883,2574900000.0
2012-06-30,2256.6,9903.8,0.08666666666666667,0.1466666666666667,16198.806999999999,0.0,0.09,0.19,0.29,0.39,0.71,1.08,1.62,2.31,2.7,12879.709961,13128.639648,12492.25,13008.679688,13008.679688,2578110000.0,12879.709961,13128.639648,12492.25,13008.679688,13008.679688,2578110000.0,12879.709961,13128.639648,12492.25,13008.679688,13008.679688,2578110000.0
2012-09-30,2348.8,10117.9,0.10333333333333333,0.14333333333333334,16220.667,0.0,0.11,0.18,0.26,0.34,0.67,1.12,1.72,2.49,2.88,13437.660156,13661.870116999999,13017.370117,13096.459961,13096.459961,2472600000.0,13437.660156,13661.870116999999,13017.370117,13096.459961,13096.459961,2472600000.0,13437.660156,13661.870116999999,13017.370117,13096.459961,13096.459961,2472600000.0
2012-12-31,2423.5,10319.9,0.08666666666666667,0.1366666666666667,16239.138,0.0,0.07,0.16,0.26,0.35,0.7,1.13,1.72,2.47,2.88,13104.299805,13969.990234,13104.299805,13860.580078,13860.580078,2786680000.0,13104.299805,13969.990234,13104.299805,13860.580078,13860.580078,2786680000.0,13104.299805,13969.990234,13104.299805,13860.580078,13860.580078,2786680000.0
2013-03-31,2472.1,10468.2,0.08666666666666667,0.11333333333333333,16382.964,0.0,0.09,0.15,0.26,0.39,0.82,1.32,1.96,2.78,3.16,14578.540038999998,14887.509766,14434.429688,14839.799805,14839.799805,2920230000.0,14578.540038999998,14887.509766,14434.429688,14839.799805,14839.799805,2920230000.0,14578.540038999998,14887.509766,14434.429688,14839.799805,14839.799805,2920230000.0
2013-06-30,2530.2,10611.3,0.05000000000000001,0.08666666666666667,16403.18,0.0,0.05,0.14,0.33,0.58,1.2,1.71,2.3,3.07,3.4,14911.599609,15634.320313,14858.929688,15499.540038999998,15499.540038999998,2623130000.0,14911.599609,15634.320313,14858.929688,15499.540038999998,15499.540038999998,2623130000.0,14911.599609,15634.320313,14858.929688,15499.540038999998,15499.540038999998,2623130000.0
2013-09-30,2552.2,10780.4,0.03333333333333333,0.060000000000000005,16531.685,0.0,0.02,0.12,0.4,0.78,1.6,2.22,2.81,3.53,3.79,15132.490234,15721.0,14719.429688,15545.75,15545.75,2206620000.0,15132.490234,15721.0,14719.429688,15545.75,15545.75,2206620000.0,15132.490234,15721.0,14719.429688,15545.75,15545.75,2206620000.0
2013-12-31,2625.0,10953.0,0.06333333333333334,0.09333333333333334,16663.648999999998,0.0,0.07,0.13,0.34,0.69,1.58,2.29,2.9,3.63,3.89,16572.169922,16573.070313,15617.549805,15698.849609,15698.849609,2177040000.0,16572.169922,16573.070313,15617.549805,15698.849609,15698.849609,2177040000.0,16572.169922,16573.070313,15617.549805,15698.849609,15698.849609,2177040000.0
2014-03-31,2725.8,11148.7,0.04666666666666667,0.07666666666666667,16616.54,0.0,0.05,0.13,0.4,0.82,1.64,2.23,2.72,3.35,3.62,16458.050781,16631.630859,16015.320313,16580.839844,16580.839844,1986960000.0,16458.050781,16631.630859,16015.320313,16580.839844,16580.839844,1986960000.0,16458.050781,16631.630859,16015.320313,16580.839844,16580.839844,1986960000.0
2014-06-30,2794.7,11314.8,0.03333333333333333,0.05333333333333334,16841.475,0.0,0.04,0.1,0.45,0.9,1.68,2.19,2.6,3.15,3.42,16828.529297,17151.560547,16563.300781,16563.300781,16563.300781,1690880000.0,16828.529297,17151.560547,16563.300781,16563.300781,16563.300781,1690880000.0,16828.529297,17151.560547,16563.300781,16563.300781,16563.300781,1690880000.0
2014-09-30,2803.5,11457.6,0.02666666666666667,0.049999999999999996,17047.098,0.0,0.02,0.11,0.57,1.05,1.77,2.22,2.53,3.01,3.26,17040.460938,17395.539063,15855.120116999999,17390.519531,17390.519531,2903240000.0,17040.460938,17395.539063,15855.120116999999,17390.519531,17390.519531,2903240000.0,17040.460938,17395.539063,15855.120116999999,17390.519531,17390.519531,2903240000.0
2014-12-31,2886.0,11590.6,0.023333333333333334,0.07666666666666667,17143.038,0.0,0.03,0.21,0.64,1.06,1.64,1.98,2.21,2.55,2.83,17823.070313,17951.779297,17136.300781,17164.949219,17164.949219,2173260000.0,17823.070313,17951.779297,17136.300781,17164.949219,17164.949219,2173260000.0,17823.070313,17951.779297,17136.300781,17164.949219,17164.949219,2173260000.0
2015-03-31,3006.3,11852.5,0.02666666666666667,0.08666666666666667,17305.752,0.0,0.03,0.25,0.64,1.02,1.52,1.84,2.04,2.41,2.63,17778.519531,18175.560547,17585.009766,17840.519531,17840.519531,2174880000.0,17778.519531,18175.560547,17585.009766,17840.519531,17840.519531,2174880000.0,17778.519531,18175.560547,17585.009766,17840.519531,17840.519531,2174880000.0
2015-06-30,2986.4,11949.3,0.02,0.08666666666666667,17422.845,0.0,0.01,0.28,0.69,1.07,1.68,2.1,2.36,2.85,3.11,17638.119141,18137.119141,17399.169922,17689.859375,17689.859375,2034220000.0,17638.119141,18137.119141,17399.169922,17689.859375,17689.859375,2034220000.0,17638.119141,18137.119141,17399.169922,17689.859375,17689.859375,2034220000.0
2015-09-30,3029.5,12097.6,0.04,0.17333333333333334,17486.021,0.0,0.02,0.37,0.71,1.01,1.49,1.88,2.17,2.62,2.95,16278.620116999999,17799.960938,16013.660156,17663.539063,17663.539063,2605470000.0,16278.620116999999,17799.960938,16013.660156,17663.539063,17663.539063,2605470000.0,16278.620116999999,17799.960938,16013.660156,17663.539063,17663.539063,2605470000.0
2015-12-31,3081.4,12274.2,0.12333333333333334,0.30666666666666664,17514.061999999998,0.0,0.23,0.65,0.98,1.28,1.7,2.04,2.24,2.61,2.97,17405.480469,17405.480469,15450.55957,16466.300781,16466.300781,2844080000.0,17405.480469,17405.480469,15450.55957,16466.300781,16466.300781,2844080000.0,17405.480469,17405.480469,15450.55957,16466.300781,16466.300781,2844080000.0
2016-03-31,3128.9,12534.3,0.2866666666666667,0.44333333333333336,17613.264,0.0,0.3,0.66,0.88,1.04,1.38,1.68,1.89,2.28,2.68,17661.740234,18167.630859,17484.230469,17773.640625,17773.640625,2096650000.0,17661.740234,18167.630859,17484.230469,17773.640625,17773.640625,2096650000.0,17661.740234,18167.630859,17484.230469,17773.640625,17773.640625,2096650000.0
2016-06-30,3239.0,12756.0,0.25666666666666665,0.39333333333333337,17668.203,0.0,0.27,0.55,0.73,0.86,1.17,1.44,1.64,2.02,2.45,17924.240234,18622.009766,17713.449219,18432.240234,18432.240234,1816520000.0,17924.240234,18622.009766,17713.449219,18432.240234,18432.240234,1816520000.0,17924.240234,18622.009766,17713.449219,18432.240234,18432.240234,1816520000.0
2016-09-30,3317.6,12969.7,0.29666666666666663,0.43,17764.388,0.0,0.29,0.59,0.77,0.9,1.18,1.46,1.63,2.02,2.35,18279.599609,18399.960938,17959.949219,18142.419922,18142.419922,1793690000.0,18279.599609,18399.960938,17959.949219,18142.419922,18142.419922,1793690000.0,18279.599609,18399.960938,17959.949219,18142.419922,18142.419922,1793690000.0
2016-12-31,3352.8,13169.7,0.43,0.5566666666666666,17876.179,0.0,0.51,0.87,1.2,1.49,1.96,2.29,2.49,2.84,3.11,19872.859375,20125.580078,19677.939453,19864.089844,19864.089844,6482900000.0,19872.859375,20125.580078,19677.939453,19864.089844,19864.089844,6482900000.0,19872.859375,20125.580078,19677.939453,19864.089844,19864.089844,6482900000.0
2017-03-31,3402.7,13341.1,0.59,0.7066666666666667,17977.299,0.0,0.75,1.01,1.31,1.59,2.01,2.3,2.48,2.83,3.08,20665.169922,21070.900391,20379.550781,20940.509766,20940.509766,5392630000.0,20665.169922,21070.900391,20379.550781,20940.509766,20940.509766,5392630000.0,20665.169922,21070.900391,20379.550781,20940.509766,20940.509766,5392630000.0
2017-06-30,3518.7,13530.5,0.89,1.0133333333333334,18054.052,0.0,1.0,1.2,1.34,1.49,1.77,2.01,2.19,2.54,2.8,21392.300781,21929.800781,21279.300781,21891.119141,21891.119141,5569720000.0,21392.300781,21929.800781,21279.300781,21891.119141,21891.119141,5569720000.0,21392.300781,21929.800781,21279.300781,21891.119141,21891.119141,5569720000.0
2017-09-30,3585.3,13673.8,1.0366666666666668,1.1233333333333333,18185.636000000002,0.0,1.05,1.28,1.38,1.51,1.8,2.03,2.2,2.53,2.78,22423.470703,23485.25,22416.0,23377.240234,23377.240234,7302910000.0,22423.470703,23485.25,22416.0,23377.240234,23377.240234,7302910000.0,22423.470703,23485.25,22416.0,23377.240234,23377.240234,7302910000.0
2017-12-31,3628.1,13794.0,1.2066666666666668,1.3533333333333333,18359.432,0.0,1.34,1.7,1.84,1.96,2.18,2.32,2.4,2.6,2.77,24809.349609,26616.710938,24741.699219,26149.390625,26149.390625,9116920000.0,24809.349609,26616.710938,24741.699219,26149.390625,26149.390625,9116920000.0,24809.349609,26616.710938,24741.699219,26149.390625,26149.390625,9116920000.0
2018-03-31,3619.7,13892.8,1.5599999999999998,1.7366666666666666,18530.483,0.0,1.73,2.06,2.28,2.42,2.63,2.77,2.84,2.97,3.09,24076.599609,24858.970703,23344.519531,24163.150391,24163.150391,8064550000.0,24076.599609,24858.970703,23344.519531,24163.150391,24163.150391,8064550000.0,24076.599609,24858.970703,23344.519531,24163.150391,24163.150391,8064550000.0
2018-06-30,3658.0,14054.9,1.8399999999999999,2.0033333333333334,18654.383,0.0,1.94,2.33,2.53,2.65,2.78,2.87,2.91,2.98,3.05,24161.529297,25587.240234,24077.560547,25415.189453,25415.189453,5408500000.0,24161.529297,25587.240234,24077.560547,25415.189453,25415.189453,5408500000.0,24161.529297,25587.240234,24077.560547,25415.189453,25415.189453,5408500000.0
2018-09-30,3686.4,14197.0,2.0399999999999996,2.1966666666666668,18752.355,0.0,2.17,2.56,2.77,2.84,2.89,2.96,3.0,3.08,3.15,26598.359375,26951.810547000005,24122.230469,25115.759766,25115.759766,8373350000.0,26598.359375,26951.810547000005,24122.230469,25115.759766,25115.759766,8373350000.0,26598.359375,26951.810547000005,24122.230469,25115.759766,25115.759766,8373350000.0
2018-12-31,3698.1,14245.4,2.316666666666667,2.4466666666666668,18813.923,0.0,2.41,2.66,2.68,2.67,2.68,2.75,2.83,2.98,3.1,23058.609375,25109.619141,22638.410156,24999.669922,24999.669922,7189200000.0,23058.609375,25109.619141,22638.410156,24999.669922,24999.669922,7189200000.0,23058.609375,25109.619141,22638.410156,24999.669922,24999.669922,7189200000.0
2019-03-31,3759.6,14464.3,2.3866666666666667,2.4433333333333334,18950.346999999998,0.0,2.45,2.49,2.41,2.37,2.37,2.47,2.57,2.8,2.98,26075.099609,26695.960938,26062.589844,26592.910156,26592.910156,5854600000.0,26075.099609,26695.960938,26062.589844,26592.910156,26592.910156,5854600000.0,26075.099609,26695.960938,26062.589844,26592.910156,26592.910156,5854600000.0
2019-06-30,3792.4,14654.3,2.3000000000000003,2.283333333333333,19020.599,0.0,2.22,2.0,1.81,1.77,1.83,1.95,2.07,2.36,2.57,26805.859375,27398.679688,26616.210938,26864.269531,26864.269531,5207470000.0,26805.859375,27398.679688,26616.210938,26864.269531,26864.269531,5207470000.0,26805.859375,27398.679688,26616.210938,26864.269531,26864.269531,5207470000.0
2019-09-30,3853.2,14933.3,1.9799999999999998,1.9166666666666667,19141.744,0.0,1.93,1.8,1.65,1.59,1.57,1.64,1.7,1.97,2.16,26962.539063,27204.359375,25743.460938,27046.230469,27046.230469,5660960000.0,26962.539063,27204.359375,25743.460938,27046.230469,27046.230469,5660960000.0,26962.539063,27204.359375,25743.460938,27046.230469,27046.230469,5660960000.0
2019-12-31,3947.4,15251.2,1.5766666666666669,1.57,19253.959,1.0,1.57,1.55,1.61,1.63,1.68,1.79,1.86,2.16,2.3,28638.970702999995,29373.619141000003,28169.529297000005,28256.029297000005,28256.029297000005,6170770000.0,28638.970702999995,29373.619141000003,28169.529297000005,28256.029297000005,28256.029297000005,6170770000.0,28638.970702999995,29373.619141000003,28169.529297000005,28256.029297000005,28256.029297000005,6170770000.0
2020-03-31,4003.1,15446.9,1.11,1.0933333333333335,19010.848,1.0,0.3,0.33,0.45,0.5,0.59,0.78,0.87,1.26,1.46,21227.380859,24764.769531,20735.019531,24345.720703,24345.720703,9805160000.0,21227.380859,24764.769531,20735.019531,24345.720703,24345.720703,9805160000.0,21227.380859,24764.769531,20735.019531,24345.720703,24345.720703,9805160000.0
2020-06-30,5035.3,17868.6,0.14333333333333334,0.16666666666666666,17302.511000000002,1.0,0.16,0.18,0.19,0.22,0.34,0.55,0.73,1.27,1.49,25879.380859,27071.330077999995,25523.509766,26428.320313,26428.320313,8210370000.0,25879.380859,27071.330077999995,25523.509766,26428.320313,26428.320313,8210370000.0,25879.380859,27071.330077999995,25523.509766,26428.320313,26428.320313,8210370000.0
2020-09-30,5391.2,18404.0,0.11333333333333334,0.12666666666666668,,,0.11,0.13,0.13,0.16,0.27,0.46,0.68,1.21,1.42,27940.630858999997,28957.900391000003,26143.769531,26501.599609,26501.599609,8439930000.0,27940.630858999997,28957.900391000003,26143.769531,26501.599609,26501.599609,8439930000.0,27940.630858999997,28957.900391000003,26143.769531,26501.599609,26501.599609,8439930000.0
2020-12-31,5502.5,18648.3,0.1,0.11,,,0.1,0.13,0.15,0.19,0.34,0.55,0.79,1.34,1.57,29437.570313,29469.890625,29231.199219,29263.480469,29263.480469,308739381.0,29437.570313,29469.890625,29231.199219,29263.480469,29263.480469,308739381.0,29437.570313,29469.890625,29231.199219,29263.480469,29263.480469,308739381.0
