DATE,M1SL,M2SL,TB3MS,TB6MS,GDPC1,USRECQ,r3M,r1Y,r2Y,r3Y,r5Y,r7Y,r10Y,r20Y,r30Y,FFR,NYSE_return,SP500_return,DJIA_return
1854-09-30,,,,,,1.0,,,,,,,,,,,,,
1854-12-31,,,,,,0.0,,,,,,,,,,,,,
1855-03-31,,,,,,0.0,,,,,,,,,,,,,
1855-06-30,,,,,,0.0,,,,,,,,,,,,,
1855-09-30,,,,,,0.0,,,,,,,,,,,,,
1855-12-31,,,,,,0.0,,,,,,,,,,,,,
1856-03-31,,,,,,0.0,,,,,,,,,,,,,
1856-06-30,,,,,,0.0,,,,,,,,,,,,,
1856-09-30,,,,,,0.0,,,,,,,,,,,,,
1856-12-31,,,,,,0.0,,,,,,,,,,,,,
1857-03-31,,,,,,0.0,,,,,,,,,,,,,
1857-06-30,,,,,,1.0,,,,,,,,,,,,,
1857-09-30,,,,,,1.0,,,,,,,,,,,,,
1857-12-31,,,,,,1.0,,,,,,,,,,,,,
1858-03-31,,,,,,1.0,,,,,,,,,,,,,
1858-06-30,,,,,,1.0,,,,,,,,,,,,,
1858-09-30,,,,,,1.0,,,,,,,,,,,,,
1858-12-31,,,,,,0.0,,,,,,,,,,,,,
1859-03-31,,,,,,0.0,,,,,,,,,,,,,
1859-06-30,,,,,,0.0,,,,,,,,,,,,,
1859-09-30,,,,,,0.0,,,,,,,,,,,,,
1859-12-31,,,,,,0.0,,,,,,,,,,,,,
1860-03-31,,,,,,0.0,,,,,,,,,,,,,
1860-06-30,,,,,,0.0,,,,,,,,,,,,,
1860-09-30,,,,,,1.0,,,,,,,,,,,,,
1860-12-31,,,,,,1.0,,,,,,,,,,,,,
1861-03-31,,,,,,1.0,,,,,,,,,,,,,
1861-06-30,,,,,,1.0,,,,,,,,,,,,,
1861-09-30,,,,,,0.0,,,,,,,,,,,,,
1861-12-31,,,,,,0.0,,,,,,,,,,,,,
1862-03-31,,,,,,0.0,,,,,,,,,,,,,
1862-06-30,,,,,,0.0,,,,,,,,,,,,,
1862-09-30,,,,,,0.0,,,,,,,,,,,,,
1862-12-31,,,,,,0.0,,,,,,,,,,,,,
1863-03-31,,,,,,0.0,,,,,,,,,,,,,
1863-06-30,,,,,,0.0,,,,,,,,,,,,,
1863-09-30,,,,,,0.0,,,,,,,,,,,,,
1863-12-31,,,,,,0.0,,,,,,,,,,,,,
1864-03-31,,,,,,0.0,,,,,,,,,,,,,
1864-06-30,,,,,,0.0,,,,,,,,,,,,,
1864-09-30,,,,,,0.0,,,,,,,,,,,,,
1864-12-31,,,,,,0.0,,,,,,,,,,,,,
1865-03-31,,,,,,1.0,,,,,,,,,,,,,
1865-06-30,,,,,,1.0,,,,,,,,,,,,,
1865-09-30,,,,,,1.0,,,,,,,,,,,,,
1865-12-31,,,,,,1.0,,,,,,,,,,,,,
1866-03-31,,,,,,1.0,,,,,,,,,,,,,
1866-06-30,,,,,,1.0,,,,,,,,,,,,,
1866-09-30,,,,,,1.0,,,,,,,,,,,,,
1866-12-31,,,,,,1.0,,,,,,,,,,,,,
1867-03-31,,,,,,1.0,,,,,,,,,,,,,
1867-06-30,,,,,,1.0,,,,,,,,,,,,,
1867-09-30,,,,,,1.0,,,,,,,,,,,,,
1867-12-31,,,,,,1.0,,,,,,,,,,,,,
1868-03-31,,,,,,0.0,,,,,,,,,,,,,
1868-06-30,,,,,,0.0,,,,,,,,,,,,,
1868-09-30,,,,,,0.0,,,,,,,,,,,,,
1868-12-31,,,,,,0.0,,,,,,,,,,,,,
1869-03-31,,,,,,0.0,,,,,,,,,,,,,
1869-06-30,,,,,,1.0,,,,,,,,,,,,,
1869-09-30,,,,,,1.0,,,,,,,,,,,,,
1869-12-31,,,,,,1.0,,,,,,,,,,,,,
1870-03-31,,,,,,1.0,,,,,,,,,,,,,
1870-06-30,,,,,,1.0,,,,,,,,,,,,,
1870-09-30,,,,,,1.0,,,,,,,,,,,,,
1870-12-31,,,,,,0.0,,,,,,,,,,,,,
1871-03-31,,,,,,0.0,,,,,,,,,,,,,
1871-06-30,,,,,,0.0,,,,,,,,,,,,,
1871-09-30,,,,,,0.0,,,,,,,,,,,,,
1871-12-31,,,,,,0.0,,,,,,,,,,,,,
1872-03-31,,,,,,0.0,,,,,,,,,,,,,
1872-06-30,,,,,,0.0,,,,,,,,,,,,,
1872-09-30,,,,,,0.0,,,,,,,,,,,,,
1872-12-31,,,,,,0.0,,,,,,,,,,,,,
1873-03-31,,,,,,0.0,,,,,,,,,,,,,
1873-06-30,,,,,,0.0,,,,,,,,,,,,,
1873-09-30,,,,,,1.0,,,,,,,,,,,,,
1873-12-31,,,,,,1.0,,,,,,,,,,,,,
1874-03-31,,,,,,1.0,,,,,,,,,,,,,
1874-06-30,,,,,,1.0,,,,,,,,,,,,,
1874-09-30,,,,,,1.0,,,,,,,,,,,,,
1874-12-31,,,,,,1.0,,,,,,,,,,,,,
1875-03-31,,,,,,1.0,,,,,,,,,,,,,
1875-06-30,,,,,,1.0,,,,,,,,,,,,,
1875-09-30,,,,,,1.0,,,,,,,,,,,,,
1875-12-31,,,,,,1.0,,,,,,,,,,,,,
1876-03-31,,,,,,1.0,,,,,,,,,,,,,
1876-06-30,,,,,,1.0,,,,,,,,,,,,,
1876-09-30,,,,,,1.0,,,,,,,,,,,,,
1876-12-31,,,,,,1.0,,,,,,,,,,,,,
1877-03-31,,,,,,1.0,,,,,,,,,,,,,
1877-06-30,,,,,,1.0,,,,,,,,,,,,,
1877-09-30,,,,,,1.0,,,,,,,,,,,,,
1877-12-31,,,,,,1.0,,,,,,,,,,,,,
1878-03-31,,,,,,1.0,,,,,,,,,,,,,
1878-06-30,,,,,,1.0,,,,,,,,,,,,,
1878-09-30,,,,,,1.0,,,,,,,,,,,,,
1878-12-31,,,,,,1.0,,,,,,,,,,,,,
1879-03-31,,,,,,0.0,,,,,,,,,,,,,
1879-06-30,,,,,,0.0,,,,,,,,,,,,,
1879-09-30,,,,,,0.0,,,,,,,,,,,,,
1879-12-31,,,,,,0.0,,,,,,,,,,,,,
1880-03-31,,,,,,0.0,,,,,,,,,,,,,
1880-06-30,,,,,,0.0,,,,,,,,,,,,,
1880-09-30,,,,,,0.0,,,,,,,,,,,,,
1880-12-31,,,,,,0.0,,,,,,,,,,,,,
1881-03-31,,,,,,0.0,,,,,,,,,,,,,
1881-06-30,,,,,,0.0,,,,,,,,,,,,,
1881-09-30,,,,,,0.0,,,,,,,,,,,,,
1881-12-31,,,,,,0.0,,,,,,,,,,,,,
1882-03-31,,,,,,1.0,,,,,,,,,,,,,
1882-06-30,,,,,,1.0,,,,,,,,,,,,,
1882-09-30,,,,,,1.0,,,,,,,,,,,,,
1882-12-31,,,,,,1.0,,,,,,,,,,,,,
1883-03-31,,,,,,1.0,,,,,,,,,,,,,
1883-06-30,,,,,,1.0,,,,,,,,,,,,,
1883-09-30,,,,,,1.0,,,,,,,,,,,,,
1883-12-31,,,,,,1.0,,,,,,,,,,,,,
1884-03-31,,,,,,1.0,,,,,,,,,,,,,
1884-06-30,,,,,,1.0,,,,,,,,,,,,,
1884-09-30,,,,,,1.0,,,,,,,,,,,,,
1884-12-31,,,,,,1.0,,,,,,,,,,,,,
1885-03-31,,,,,,1.0,,,,,,,,,,,,,
1885-06-30,,,,,,0.0,,,,,,,,,,,,,
1885-09-30,,,,,,0.0,,,,,,,,,,,,,
1885-12-31,,,,,,0.0,,,,,,,,,,,,,
1886-03-31,,,,,,0.0,,,,,,,,,,,,,
1886-06-30,,,,,,0.0,,,,,,,,,,,,,
1886-09-30,,,,,,0.0,,,,,,,,,,,,,
1886-12-31,,,,,,0.0,,,,,,,,,,,,,
1887-03-31,,,,,,0.0,,,,,,,,,,,,,
1887-06-30,,,,,,1.0,,,,,,,,,,,,,
1887-09-30,,,,,,1.0,,,,,,,,,,,,,
1887-12-31,,,,,,1.0,,,,,,,,,,,,,
1888-03-31,,,,,,0.0,,,,,,,,,,,,,
1888-06-30,,,,,,0.0,,,,,,,,,,,,,
1888-09-30,,,,,,0.0,,,,,,,,,,,,,
1888-12-31,,,,,,0.0,,,,,,,,,,,,,
1889-03-31,,,,,,0.0,,,,,,,,,,,,,
1889-06-30,,,,,,0.0,,,,,,,,,,,,,
1889-09-30,,,,,,0.0,,,,,,,,,,,,,
1889-12-31,,,,,,0.0,,,,,,,,,,,,,
1890-03-31,,,,,,0.0,,,,,,,,,,,,,
1890-06-30,,,,,,0.0,,,,,,,,,,,,,
1890-09-30,,,,,,1.0,,,,,,,,,,,,,
1890-12-31,,,,,,1.0,,,,,,,,,,,,,
1891-03-31,,,,,,1.0,,,,,,,,,,,,,
1891-06-30,,,,,,0.0,,,,,,,,,,,,,
1891-09-30,,,,,,0.0,,,,,,,,,,,,,
1891-12-31,,,,,,0.0,,,,,,,,,,,,,
1892-03-31,,,,,,0.0,,,,,,,,,,,,,
1892-06-30,,,,,,0.0,,,,,,,,,,,,,
1892-09-30,,,,,,0.0,,,,,,,,,,,,,
1892-12-31,,,,,,0.0,,,,,,,,,,,,,
1893-03-31,,,,,,1.0,,,,,,,,,,,,,
1893-06-30,,,,,,1.0,,,,,,,,,,,,,
1893-09-30,,,,,,1.0,,,,,,,,,,,,,
1893-12-31,,,,,,1.0,,,,,,,,,,,,,
1894-03-31,,,,,,1.0,,,,,,,,,,,,,
1894-06-30,,,,,,0.0,,,,,,,,,,,,,
1894-09-30,,,,,,0.0,,,,,,,,,,,,,
1894-12-31,,,,,,0.0,,,,,,,,,,,,,
1895-03-31,,,,,,0.0,,,,,,,,,,,,,
1895-06-30,,,,,,0.0,,,,,,,,,,,,,
1895-09-30,,,,,,0.0,,,,,,,,,,,,,
1895-12-31,,,,,,1.0,,,,,,,,,,,,,
1896-03-31,,,,,,1.0,,,,,,,,,,,,,
1896-06-30,,,,,,1.0,,,,,,,,,,,,,
1896-09-30,,,,,,1.0,,,,,,,,,,,,,
1896-12-31,,,,,,1.0,,,,,,,,,,,,,
1897-03-31,,,,,,1.0,,,,,,,,,,,,,
1897-06-30,,,,,,0.0,,,,,,,,,,,,,
1897-09-30,,,,,,0.0,,,,,,,,,,,,,
1897-12-31,,,,,,0.0,,,,,,,,,,,,,
1898-03-31,,,,,,0.0,,,,,,,,,,,,,
1898-06-30,,,,,,0.0,,,,,,,,,,,,,
1898-09-30,,,,,,0.0,,,,,,,,,,,,,
1898-12-31,,,,,,0.0,,,,,,,,,,,,,
1899-03-31,,,,,,0.0,,,,,,,,,,,,,
1899-06-30,,,,,,0.0,,,,,,,,,,,,,
1899-09-30,,,,,,1.0,,,,,,,,,,,,,
1899-12-31,,,,,,1.0,,,,,,,,,,,,,
1900-03-31,,,,,,1.0,,,,,,,,,,,,,
1900-06-30,,,,,,1.0,,,,,,,,,,,,,
1900-09-30,,,,,,1.0,,,,,,,,,,,,,
1900-12-31,,,,,,0.0,,,,,,,,,,,,,
1901-03-31,,,,,,0.0,,,,,,,,,,,,,
1901-06-30,,,,,,0.0,,,,,,,,,,,,,
1901-09-30,,,,,,0.0,,,,,,,,,,,,,
1901-12-31,,,,,,0.0,,,,,,,,,,,,,
1902-03-31,,,,,,0.0,,,,,,,,,,,,,
1902-06-30,,,,,,0.0,,,,,,,,,,,,,
1902-09-30,,,,,,0.0,,,,,,,,,,,,,
1902-12-31,,,,,,1.0,,,,,,,,,,,,,
1903-03-31,,,,,,1.0,,,,,,,,,,,,,
1903-06-30,,,,,,1.0,,,,,,,,,,,,,
1903-09-30,,,,,,1.0,,,,,,,,,,,,,
1903-12-31,,,,,,1.0,,,,,,,,,,,,,
1904-03-31,,,,,,1.0,,,,,,,,,,,,,
1904-06-30,,,,,,1.0,,,,,,,,,,,,,
1904-09-30,,,,,,0.0,,,,,,,,,,,,,
1904-12-31,,,,,,0.0,,,,,,,,,,,,,
1905-03-31,,,,,,0.0,,,,,,,,,,,,,
1905-06-30,,,,,,0.0,,,,,,,,,,,,,
1905-09-30,,,,,,0.0,,,,,,,,,,,,,
1905-12-31,,,,,,0.0,,,,,,,,,,,,,
1906-03-31,,,,,,0.0,,,,,,,,,,,,,
1906-06-30,,,,,,0.0,,,,,,,,,,,,,
1906-09-30,,,,,,0.0,,,,,,,,,,,,,
1906-12-31,,,,,,0.0,,,,,,,,,,,,,
1907-03-31,,,,,,0.0,,,,,,,,,,,,,
1907-06-30,,,,,,1.0,,,,,,,,,,,,,
1907-09-30,,,,,,1.0,,,,,,,,,,,,,
1907-12-31,,,,,,1.0,,,,,,,,,,,,,
1908-03-31,,,,,,1.0,,,,,,,,,,,,,
1908-06-30,,,,,,0.0,,,,,,,,,,,,,
1908-09-30,,,,,,0.0,,,,,,,,,,,,,
1908-12-31,,,,,,0.0,,,,,,,,,,,,,
1909-03-31,,,,,,0.0,,,,,,,,,,,,,
1909-06-30,,,,,,0.0,,,,,,,,,,,,,
1909-09-30,,,,,,0.0,,,,,,,,,,,,,
1909-12-31,,,,,,0.0,,,,,,,,,,,,,
1910-03-31,,,,,,1.0,,,,,,,,,,,,,
1910-06-30,,,,,,1.0,,,,,,,,,,,,,
1910-09-30,,,,,,1.0,,,,,,,,,,,,,
1910-12-31,,,,,,1.0,,,,,,,,,,,,,
1911-03-31,,,,,,1.0,,,,,,,,,,,,,
1911-06-30,,,,,,1.0,,,,,,,,,,,,,
1911-09-30,,,,,,1.0,,,,,,,,,,,,,
1911-12-31,,,,,,0.0,,,,,,,,,,,,,
1912-03-31,,,,,,0.0,,,,,,,,,,,,,
1912-06-30,,,,,,0.0,,,,,,,,,,,,,
1912-09-30,,,,,,0.0,,,,,,,,,,,,,
1912-12-31,,,,,,0.0,,,,,,,,,,,,,
1913-03-31,,,,,,1.0,,,,,,,,,,,,,
1913-06-30,,,,,,1.0,,,,,,,,,,,,,
1913-09-30,,,,,,1.0,,,,,,,,,,,,,
1913-12-31,,,,,,1.0,,,,,,,,,,,,,
1914-03-31,,,,,,1.0,,,,,,,,,,,,,
1914-06-30,,,,,,1.0,,,,,,,,,,,,,
1914-09-30,,,,,,1.0,,,,,,,,,,,,,
1914-12-31,,,,,,0.0,,,,,,,,,,,,,
1915-03-31,,,,,,0.0,,,,,,,,,,,,,
1915-06-30,,,,,,0.0,,,,,,,,,,,,,
1915-09-30,,,,,,0.0,,,,,,,,,,,,,
1915-12-31,,,,,,0.0,,,,,,,,,,,,,
1916-03-31,,,,,,0.0,,,,,,,,,,,,,
1916-06-30,,,,,,0.0,,,,,,,,,,,,,
1916-09-30,,,,,,0.0,,,,,,,,,,,,,
1916-12-31,,,,,,0.0,,,,,,,,,,,,,
1917-03-31,,,,,,0.0,,,,,,,,,,,,,
1917-06-30,,,,,,0.0,,,,,,,,,,,,,
1917-09-30,,,,,,0.0,,,,,,,,,,,,,
1917-12-31,,,,,,0.0,,,,,,,,,,,,,
1918-03-31,,,,,,0.0,,,,,,,,,,,,,
1918-06-30,,,,,,0.0,,,,,,,,,,,,,
1918-09-30,,,,,,1.0,,,,,,,,,,,,,
1918-12-31,,,,,,1.0,,,,,,,,,,,,,
1919-03-31,,,,,,0.0,,,,,,,,,,,,,
1919-06-30,,,,,,0.0,,,,,,,,,,,,,
1919-09-30,,,,,,0.0,,,,,,,,,,,,,
1919-12-31,,,,,,0.0,,,,,,,,,,,,,
1920-03-31,,,,,,1.0,,,,,,,,,,,,,
1920-06-30,,,,,,1.0,,,,,,,,,,,,,
1920-09-30,,,,,,1.0,,,,,,,,,,,,,
1920-12-31,,,,,,1.0,,,,,,,,,,,,,
1921-03-31,,,,,,1.0,,,,,,,,,,,,,
1921-06-30,,,,,,1.0,,,,,,,,,,,,,
1921-09-30,,,,,,0.0,,,,,,,,,,,,,
1921-12-31,,,,,,0.0,,,,,,,,,,,,,
1922-03-31,,,,,,0.0,,,,,,,,,,,,,
1922-06-30,,,,,,0.0,,,,,,,,,,,,,
1922-09-30,,,,,,0.0,,,,,,,,,,,,,
1922-12-31,,,,,,0.0,,,,,,,,,,,,,
1923-03-31,,,,,,0.0,,,,,,,,,,,,,
1923-06-30,,,,,,1.0,,,,,,,,,,,,,
1923-09-30,,,,,,1.0,,,,,,,,,,,,,
1923-12-31,,,,,,1.0,,,,,,,,,,,,,
1924-03-31,,,,,,1.0,,,,,,,,,,,,,
1924-06-30,,,,,,1.0,,,,,,,,,,,,,
1924-09-30,,,,,,0.0,,,,,,,,,,,,,
1924-12-31,,,,,,0.0,,,,,,,,,,,,,
1925-03-31,,,,,,0.0,,,,,,,,,,,,,
1925-06-30,,,,,,0.0,,,,,,,,,,,,,
1925-09-30,,,,,,0.0,,,,,,,,,,,,,
1925-12-31,,,,,,0.0,,,,,,,,,,,,,
1926-03-31,,,,,,0.0,,,,,,,,,,,,,
1926-06-30,,,,,,0.0,,,,,,,,,,,,,
1926-09-30,,,,,,1.0,,,,,,,,,,,,,
1926-12-31,,,,,,1.0,,,,,,,,,,,,,
1927-03-31,,,,,,1.0,,,,,,,,,,,,,
1927-06-30,,,,,,1.0,,,,,,,,,,,,,
1927-09-30,,,,,,1.0,,,,,,,,,,,,,
1927-12-31,,,,,,0.0,,,,,,,,,,,,,
1928-03-31,,,,,,0.0,,,,,,,,,,,,,
1928-06-30,,,,,,0.0,,,,,,,,,,,,,
1928-09-30,,,,,,0.0,,,,,,,,,,,,,
1928-12-31,,,,,,0.0,,,,,,,,,,,,,
1929-03-31,,,,,,0.0,,,,,,,,,,,,,
1929-06-30,,,,,,0.0,,,,,,,,,,,,,
1929-09-30,,,,,,1.0,,,,,,,,,,,,,
1929-12-31,,,,,,1.0,,,,,,,,,,,,,
1930-03-31,,,,,,1.0,,,,,,,,,,,,,
1930-06-30,,,,,,1.0,,,,,,,,,,,,,
1930-09-30,,,,,,1.0,,,,,,,,,,,,,
1930-12-31,,,,,,1.0,,,,,,,,,,,,,
1931-03-31,,,,,,1.0,,,,,,,,,,,,,
1931-06-30,,,,,,1.0,,,,,,,,,,,,,
1931-09-30,,,,,,1.0,,,,,,,,,,,,,
1931-12-31,,,,,,1.0,,,,,,,,,,,,,
1932-03-31,,,,,,1.0,,,,,,,,,,,,,
1932-06-30,,,,,,1.0,,,,,,,,,,,,,
1932-09-30,,,,,,1.0,,,,,,,,,,,,,
1932-12-31,,,,,,1.0,,,,,,,,,,,,,
1933-03-31,,,,,,0.0,,,,,,,,,,,,,
1933-06-30,,,,,,0.0,,,,,,,,,,,,,
1933-09-30,,,,,,0.0,,,,,,,,,,,,,
1933-12-31,,,,,,0.0,,,,,,,,,,,,,
1934-03-31,,,0.5266666666666666,,,0.0,,,,,,,,,,,,,
1934-06-30,,,0.15333333333333332,,,0.0,,,,,,,,,,,,,
1934-09-30,,,0.18333333333333326,,,0.0,,,,,,,,,,,,,
1934-12-31,,,0.25,,,0.0,,,,,,,,,,,,,
1935-03-31,,,0.18000000000000002,,,0.0,,,,,,,,,,,,,
1935-06-30,,,0.15,,,0.0,,,,,,,,,,,,,
1935-09-30,,,0.17,,,0.0,,,,,,,,,,,,,
1935-12-31,,,0.17,,,0.0,,,,,,,,,,,,,
1936-03-31,,,0.20000000000000004,,,0.0,,,,,,,,,,,,,
1936-06-30,,,0.20000000000000004,,,0.0,,,,,,,,,,,,,
1936-09-30,,,0.17,,,0.0,,,,,,,,,,,,,
1936-12-31,,,0.12,,,0.0,,,,,,,,,,,,,
1937-03-31,,,0.2333333333333333,,,0.0,,,,,,,,,,,,,
1937-06-30,,,0.44333333333333336,,,1.0,,,,,,,,,,,,,
1937-09-30,,,0.2933333333333334,,,1.0,,,,,,,,,,,,,
1937-12-31,,,0.13333333333333333,,,1.0,,,,,,,,,,,,,
1938-03-31,,,0.08666666666666667,,,1.0,,,,,,,,,,,,,
1938-06-30,,,0.06333333333333334,,,0.0,,,,,,,,,,,,,
1938-09-30,,,0.07,,,0.0,,,,,,,,,,,,,
1938-12-31,,,0.04,,,0.0,,,,,,,,,,,,,
1939-03-31,,,0.03,,,0.0,,,,,,,,,,,,,
1939-06-30,,,0.03,,,0.0,,,,,,,,,,,,,
1939-09-30,,,0.07666666666666667,,,0.0,,,,,,,,,,,,,
1939-12-31,,,0.04666666666666667,,,0.0,,,,,,,,,,,,,
1940-03-31,,,0.016666666666666666,,,0.0,,,,,,,,,,,,,
1940-06-30,,,0.06,,,0.0,,,,,,,,,,,,,
1940-09-30,,,0.04666666666666667,,,0.0,,,,,,,,,,,,,
1940-12-31,,,0.02,,,0.0,,,,,,,,,,,,,
1941-03-31,,,0.05666666666666665,,,0.0,,,,,,,,,,,,,
1941-06-30,,,0.11,,,0.0,,,,,,,,,,,,,
1941-09-30,,,0.11666666666666665,,,0.0,,,,,,,,,,,,,
1941-12-31,,,0.2333333333333333,,,0.0,,,,,,,,,,,,,
1942-03-31,,,0.25666666666666665,,,0.0,,,,,,,,,,,,,
1942-06-30,,,0.3533333333333333,,,0.0,,,,,,,,,,,,,
1942-09-30,,,0.3800000000000001,,,0.0,,,,,,,,,,,,,
1942-12-31,,,0.3800000000000001,,,0.0,,,,,,,,,,,,,
1943-03-31,,,0.3800000000000001,,,0.0,,,,,,,,,,,,,
1943-06-30,,,0.3800000000000001,,,0.0,,,,,,,,,,,,,
1943-09-30,,,0.3800000000000001,,,0.0,,,,,,,,,,,,,
1943-12-31,,,0.3800000000000001,,,0.0,,,,,,,,,,,,,
1944-03-31,,,0.3800000000000001,,,0.0,,,,,,,,,,,,,
1944-06-30,,,0.3800000000000001,,,0.0,,,,,,,,,,,,,
1944-09-30,,,0.3800000000000001,,,0.0,,,,,,,,,,,,,
1944-12-31,,,0.3800000000000001,,,0.0,,,,,,,,,,,,,
1945-03-31,,,0.3800000000000001,,,1.0,,,,,,,,,,,,,
1945-06-30,,,0.3800000000000001,,,1.0,,,,,,,,,,,,,
1945-09-30,,,0.3800000000000001,,,1.0,,,,,,,,,,,,,
1945-12-31,,,0.3800000000000001,,,0.0,,,,,,,,,,,,,
1946-03-31,,,0.3800000000000001,,,0.0,,,,,,,,,,,,,
1946-06-30,,,0.3800000000000001,,,0.0,,,,,,,,,,,,,
1946-09-30,,,0.3800000000000001,,,0.0,,,,,,,,,,,,,
1946-12-31,,,0.3800000000000001,,,0.0,,,,,,,,,,,,,
1947-03-31,,,0.3800000000000001,,2033.061,0.0,,,,,,,,,,,,,
1947-06-30,,,0.3800000000000001,,2027.639,0.0,,,,,,,,,,,,,
1947-09-30,,,0.7366666666666667,,2023.452,0.0,,,,,,,,,,,,,
1947-12-31,,,0.9066666666666666,,2055.103,0.0,,,,,,,,,,,,,
1948-03-31,,,0.99,,2086.0170000000007,0.0,,,,,,,,,,,,,
1948-06-30,,,1.0,,2120.45,0.0,,,,,,,,,,,,,
1948-09-30,,,1.05,,2132.598,0.0,,,,,,,,,,,,,
1948-12-31,,,1.14,,2134.981,1.0,,,,,,,,,,,,,
1949-03-31,,,1.17,,2105.562,1.0,,,,,,,,,,,,,
1949-06-30,,,1.17,,2098.38,1.0,,,,,,,,,,,,,
1949-09-30,,,1.0433333333333332,,2120.044,1.0,,,,,,,,,,,,,
1949-12-31,,,1.0766666666666669,,2102.251,0.0,,,,,,,,,,,,,
1950-03-31,,,1.1033333333333335,,2184.8720000000008,0.0,,,,,,,,,,,,,
1950-06-30,,,1.1533333333333329,,2251.507,0.0,,,,,,,,,,,,,
1950-09-30,,,1.22,,2338.514,0.0,,,,,,,,,,,,,
1950-12-31,,,1.336666666666667,,2383.291,0.0,,,,,,,,,,,,,
1951-03-31,,,1.3666666666666665,,2415.66,0.0,,,,,,,,,,,,,
1951-06-30,,,1.49,,2457.5170000000007,0.0,,,,,,,,,,,,,
1951-09-30,,,1.6033333333333335,,2508.166,0.0,,,,,,,,,,,,,
1951-12-31,,,1.61,,2513.69,0.0,,,,,,,,,,,,,
1952-03-31,,,1.5666666666666669,,2540.55,0.0,,,,,,,,,,,,,
1952-06-30,,,1.6466666666666667,,2546.022,0.0,,,,,,,,,,,,,
1952-09-30,,,1.7833333333333332,,2564.401,0.0,,,,,,,,,,,,,
1952-12-31,,,1.893333333333333,,2648.621,0.0,,,,,,,,,,,,,
1953-03-31,,,1.98,,2697.855,0.0,,,,,,,,,,,,,
1953-06-30,,,2.1533333333333333,,2718.7090000000007,1.0,,2.45,,2.74,2.94,,3.11,,,,,,
1953-09-30,,,1.9566666666666668,,2703.411,1.0,,2.2,,2.56,2.71,,2.87,,,,,,
1953-12-31,,,1.4733333333333334,,2662.482,1.0,,1.66,,2.07,2.32,,2.59,,,,,,
1954-03-31,,,1.0599999999999998,,2649.755,1.0,,1.13,,1.59,1.93,,2.37,,,,,,
1954-06-30,,,0.79,,2652.643,0.0,,0.82,,1.53,1.92,,2.38,,,,,,
1954-09-30,,,0.8833333333333334,,2682.601,0.0,,1.03,,1.6,1.96,,2.38,,,,,,
1954-12-31,,,1.02,,2735.091,0.0,,1.21,,1.81,2.16,,2.51,,,,,,
1955-03-31,,,1.2233333333333334,,2813.212,0.0,,1.59,,2.26,2.48,,2.68,,,,,,
1955-06-30,,,1.4833333333333334,,2858.988,0.0,,1.91,,2.39,2.59,,2.78,,,,,,
1955-09-30,,,1.856666666666667,,2897.598,0.0,,2.36,,2.69,2.85,,2.97,,,,,,
1955-12-31,,,2.336666666666667,,2914.993,0.0,,2.73,,2.88,2.93,,2.96,,,,,,
1956-03-31,,,2.3266666666666667,,2903.671,0.0,,2.61,,2.89,2.93,,2.96,,,,,,
1956-06-30,,,2.566666666666667,,2927.665,0.0,,2.74,,2.95,2.97,,3.0,3.21,,,,,
1956-09-30,,,2.583333333333333,,2925.035,0.0,,3.35,,3.5,3.47,,3.38,3.07,,,,,
1956-12-31,,,3.0333333333333337,,2973.179,0.0,,3.68,,3.76,3.7,,3.59,2.89,,,,,
1957-03-31,,,3.0966666666666662,,2992.219,0.0,,3.42,,3.47,3.46,,3.41,2.61,,,,,
1957-06-30,,,3.14,,2985.663,0.0,,3.65,,3.8,3.83,,3.8,2.64,,,,,
1957-09-30,,,3.353333333333333,,3014.919000000001,1.0,,4.07,,4.06,4.03,,3.92,2.6,,,,,
1957-12-31,,,3.31,,2983.7270000000008,1.0,,3.18,,3.11,3.08,,3.21,2.67,,,,,
1958-03-31,,,1.7566666666666666,,2906.274000000001,1.0,,1.84,,2.4,2.64,,2.98,2.84,,,,,
1958-06-30,,,0.9566666666666668,,2925.379000000001,0.0,,1.23,,2.08,2.46,,2.97,2.86,,,,,
1958-09-30,,,1.68,,2993.068,0.0,,3.05,,3.52,3.69,,3.76,3.0,,,,,
1958-12-31,,,2.69,3.01,3063.085,0.0,,3.29,,3.72,3.82,,3.86,2.98,,,,,
1959-03-31,139.4,287.7,2.773333333333333,3.1166666666666667,3121.936,0.0,,3.61,,3.97,3.99,,3.99,2.99,,,,,
1959-06-30,140.7,292.2,3.0,3.373333333333333,3192.38,0.0,,4.07,,4.52,4.5,,4.34,3.0,,,,,
1959-09-30,141.9,296.4,3.5400000000000005,4.13,3194.653,0.0,,5.0,,4.97,4.9,,4.68,3.28,,,,,
1959-12-31,140.4,297.1,4.23,4.64,3203.759,0.0,,5.14,,5.12,5.01,,4.69,3.45,,,,,
1960-03-31,139.9,298.4,3.873333333333333,4.216666666666666,3275.757,0.0,,4.02,,4.29,4.31,,4.25,3.32,,,,,
1960-06-30,139.6,300.9,2.9933333333333336,3.2900000000000005,3258.088,1.0,,3.36,,4.01,4.12,,4.15,3.65,,,,,
1960-09-30,141.3,306.9,2.36,2.7099999999999995,3274.0290000000005,1.0,,3.07,,3.43,3.61,,3.8,3.73,,,,,
1960-12-31,140.9,310.9,2.306666666666666,2.6300000000000003,3232.009,1.0,,2.86,,3.42,3.67,,3.84,3.38,,,,,
1961-03-31,141.6,316.5,2.35,2.536666666666666,3253.826,0.0,,2.88,,3.35,3.6,,3.74,3.29,,,,,
1961-06-30,142.7,322.2,2.303333333333333,2.486666666666667,3309.059,0.0,,3.06,,3.63,3.81,,3.88,3.23,,,,,
1961-09-30,143.5,327.6,2.303333333333333,2.5966666666666667,3372.581,0.0,,3.06,,3.73,3.9,,3.98,3.8,,,,,
1961-12-31,144.8,333.4,2.4599999999999995,2.7466666666666666,3438.7209999999995,0.0,,3.18,,3.72,3.91,,4.06,3.86,,,,,
1962-03-31,145.7,340.1,2.723333333333333,2.9133333333333336,3500.054,0.0,,3.06,,3.45,3.68,,3.93,3.99,,,,,
1962-06-30,146.8,347.5,2.716666666666667,2.803333333333333,3531.683,0.0,,3.03,,3.39,3.64,,3.91,4.14,,,,,
1962-09-30,146.6,352.8,2.84,3.0,3575.07,0.0,,3.06,,3.41,3.7,,3.98,4.29,,,,,
1962-12-31,147.3,359.8,2.813333333333334,2.8800000000000003,3586.827,0.0,,3.01,,3.37,3.56,,3.86,4.33,,,,,
1963-03-31,148.9,367.9,2.9066666666666667,2.9633333333333334,3625.981,0.0,,3.03,,3.41,3.68,,3.93,4.14,,,,,
1963-06-30,150.4,376.1,2.94,3.023333333333333,3666.669,0.0,,3.2,,3.61,3.81,,3.99,4.04,,,,,
1963-09-30,151.8,383.6,3.293333333333333,3.4166666666666665,3747.278,0.0,,3.57,,3.82,3.96,,4.08,3.86,,,,,
1963-12-31,153.6,391.5,3.4966666666666666,3.63,3771.845,0.0,,3.81,,4.01,4.04,,4.13,3.91,,,,,
1964-03-31,154.3,397.6,3.53,3.6766666666666667,3851.366,0.0,,3.91,,4.12,4.14,,4.22,3.81,,,,,
1964-06-30,155.3,404.2,3.4766666666666666,3.606666666666667,3893.296,0.0,,3.83,,4.01,4.02,,4.17,3.89,,,,,
1964-09-30,157.8,413.4,3.4966666666666666,3.6166666666666663,3954.121,0.0,,3.84,,4.01,4.08,,4.2,4.04,,,,,
1964-12-31,160.0,422.0,3.6833333333333336,3.826666666666666,3966.335,0.0,,4.02,,4.08,4.09,,4.18,4.07,,,,,
1965-03-31,160.9,430.4,3.89,3.98,4062.311,0.0,,4.06,,4.13,4.15,,4.21,4.04,,,,,
1965-06-30,161.7,437.1,3.8733333333333335,3.9333333333333336,4113.629,0.0,,3.99,,4.08,4.15,,4.21,3.96,,,,,
1965-09-30,163.7,445.8,3.8666666666666663,3.973333333333333,4205.085999999998,0.0,,4.2,,4.24,4.25,,4.29,4.0,,,,,
1965-12-31,166.7,455.7,4.166666666666667,4.326666666666667,4301.973,0.0,,4.72,,4.79,4.72,,4.62,3.92,,,,,
1966-03-31,169.6,464.6,4.61,4.7700000000000005,4406.693,0.0,,4.97,,4.97,4.92,,4.87,3.98,,,,,
1966-06-30,171.3,470.1,4.586666666666667,4.733333333333333,4421.747,0.0,,4.97,,5.05,4.97,,4.81,4.02,,,,,
1966-09-30,170.8,472.6,5.043333333333333,5.329999999999999,4459.195,0.0,,5.82,,5.79,5.5,,5.18,4.09,,,,,
1966-12-31,171.4,477.3,5.21,5.41,4495.777,0.0,,5.2,,5.19,5.0,,4.84,4.19,,,,,
1967-03-31,173.0,485.1,4.513333333333333,4.516666666666667,4535.5909999999985,0.0,,4.35,,4.47,4.54,,4.54,4.22,,,,,
1967-06-30,175.7,497.2,3.66,3.86,4538.37,0.0,,4.48,,4.89,5.01,,5.02,4.17,,,,,
1967-09-30,179.7,510.8,4.3,4.836666666666667,4581.309,0.0,,5.24,,5.41,5.4,,5.3,4.2,,,,,
1967-12-31,182.4,521.2,4.753333333333333,5.2700000000000005,4615.853,0.0,,5.71,,5.71,5.75,,5.7,4.18,,,,,
1968-03-31,184.7,530.4,5.05,5.246666666666667,4709.993,0.0,,5.58,,5.8,5.76,,5.74,4.2,,,,,
1968-06-30,188.0,538.9,5.52,5.653333333333332,4788.688,0.0,,5.98,,5.82,5.85,,5.72,4.21,,,,,
1968-09-30,191.8,549.4,5.196666666666666,5.296666666666667,4825.799,0.0,,5.45,,5.39,5.48,,5.46,4.3,,,,,
1968-12-31,196.0,562.4,5.586666666666668,5.69,4844.779,0.0,,6.19,,6.16,6.12,,6.03,4.5,,,,,
1969-03-31,199.3,571.9,6.093333333333334,6.246666666666667,4920.605,0.0,,6.34,,6.38,6.41,,6.3,4.72,,,,,
1969-06-30,200.8,576.5,6.196666666666666,6.343333333333334,4935.564,0.0,,7.04,,6.83,6.75,,6.57,4.73,,,,,
1969-09-30,201.7,580.1,7.0233333333333325,7.25,4968.164000000002,0.0,,7.82,,7.77,7.57,7.36,7.16,4.94,,,,,
1969-12-31,203.6,585.4,7.3533333333333335,7.6033333333333335,4943.935,1.0,,8.17,,8.1,7.96,7.51,7.65,4.76,,,,,
1970-03-31,205.0,586.3,7.21,7.1933333333333325,4936.594,1.0,,6.97,,7.15,7.21,7.13,7.07,4.56,,,,,
1970-06-30,207.2,591.5,6.676666666666668,6.826666666666667,4943.6,1.0,,7.55,,7.84,7.85,7.84,7.84,4.99,,,,,
1970-09-30,209.9,604.9,6.326666666666667,6.506666666666668,4989.1590000000015,1.0,,6.73,,7.11,7.29,7.4,7.39,5.16,,,,,
1970-12-31,213.7,621.1,5.3533333333333335,5.506666666666668,4935.693,0.0,,5.0,,5.75,5.95,6.23,6.39,5.59,,,,,
1971-03-31,217.4,641.0,3.84,3.9166666666666665,5069.746,0.0,,3.69,,4.5,5.0,5.42,5.7,5.59,,,,,
1971-06-30,222.0,666.7,4.25,4.453333333333333,5097.179,0.0,,5.64,,6.32,6.53,6.65,6.52,5.4,,,,,
1971-09-30,225.6,685.5,5.010000000000002,5.273333333333333,5139.128,0.0,,5.41,,5.89,6.14,6.2,6.14,5.28,,,,,
1971-12-31,227.8,704.6,4.23,4.403333333333333,5151.245,0.0,,4.6,,5.27,5.69,5.97,5.93,5.88,,,,,
1972-03-31,232.3,725.7,3.436666666666667,3.803333333333333,5245.974,0.0,,4.67,,5.56,5.87,6.05,6.07,6.22,,,,,
1972-06-30,235.9,743.3,3.77,4.233333333333333,5365.045,0.0,,4.93,,5.64,5.91,6.06,6.11,6.28,,,,,
1972-09-30,240.9,768.7,4.22,4.726666666666667,5415.712,0.0,,5.52,,6.06,6.25,6.43,6.55,6.55,,,,,
1972-12-31,246.4,793.9,4.863333333333333,5.173333333333333,5506.396,0.0,,5.52,,6.01,6.16,6.2,6.36,6.91,,,,,
1973-03-31,252.2,814.1,5.7,5.986666666666667,5642.669,0.0,,6.85,,6.86,6.8,6.76,6.71,6.72,,,,,
1973-06-30,254.9,826.8,6.6033333333333335,6.79,5704.098000000001,0.0,,7.31,,6.84,6.69,6.81,6.9,7.34,,,,,
1973-09-30,257.7,838.8,8.323333333333332,8.406666666666666,5674.1,0.0,,8.31,,7.25,7.05,7.08,7.09,6.88,,,,,
1973-12-31,261.0,848.9,7.5,7.613333333333332,5727.96,1.0,,7.27,,6.81,6.8,6.77,6.74,6.28,,,,,
1974-03-31,265.3,864.2,7.616666666666667,7.479999999999999,5678.713000000002,1.0,,7.76,,7.35,7.31,7.34,7.21,5.94,,,,,
1974-06-30,267.6,874.6,8.153333333333334,8.28,5692.21,1.0,,8.67,,8.15,8.1,7.9,7.54,6.38,,,,,
1974-09-30,270.1,884.1,8.19,8.526666666666666,5638.411,1.0,,8.87,,8.41,8.37,8.25,8.04,6.05,,,,,
1974-12-31,273.7,898.6,7.3599999999999985,7.456666666666668,5616.526,1.0,,7.31,,7.24,7.31,7.38,7.43,6.0,,,,,
1975-03-31,275.0,914.1,5.75,5.866666666666667,5548.156,0.0,,6.11,,6.81,7.3,7.58,7.73,6.06,,,,,
1975-06-30,279.2,947.9,5.3933333333333335,5.7333333333333325,5587.8,0.0,,6.29,,7.17,7.51,7.69,7.86,6.01,,,,,
1975-09-30,284.1,983.1,6.330000000000001,6.786666666666666,5683.444,0.0,,7.75,,8.29,8.37,8.39,8.43,6.05,,,,,
1975-12-31,286.8,1006.9,5.626666666666668,5.966666666666666,5759.972,0.0,,6.6,,7.43,7.76,7.93,8.0,5.96,,,,,
1976-03-31,290.8,1040.3,4.916666666666667,5.260000000000002,5889.5,0.0,,6.21,,7.13,7.49,7.65,7.73,6.91,,,,,
1976-06-30,295.9,1072.1,5.156666666666667,5.5233333333333325,5932.710999999998,0.0,,6.52,7.06,7.31,7.61,7.75,7.86,7.06,,,,,
1976-09-30,299.0,1098.7,5.15,5.41,5965.265,0.0,,5.84,6.42,6.66,7.13,7.41,7.59,7.25,,,,,
1976-12-31,303.6,1138.2,4.673333333333333,4.816666666666666,6008.504,0.0,,4.89,5.38,5.68,6.1,6.37,6.87,7.29,,,,,
1977-03-31,311.5,1177.6,4.63,4.87,6079.4940000000015,0.0,,5.5,6.09,6.47,6.93,7.2,7.46,7.73,,,,,
1977-06-30,317.2,1209.0,4.84,5.07,6197.686,0.0,,5.8,6.13,6.39,6.76,7.05,7.28,8.1,,,,,
1977-09-30,322.3,1237.0,5.496666666666666,5.756666666666668,6309.514,0.0,,6.53,6.71,6.84,7.04,7.21,7.34,8.59,,,,,
1977-12-31,328.6,1262.4,6.1099999999999985,6.413333333333334,6309.651999999999,0.0,,6.96,7.18,7.3,7.48,7.59,7.69,7.91,,,,,
1978-03-31,335.3,1285.5,6.3933333333333335,6.69,6329.791,0.0,,7.31,7.58,7.7,7.86,7.95,8.04,7.99,,,,,
1978-06-30,344.9,1310.5,6.4766666666666675,6.993333333333332,6574.39,0.0,,8.09,8.24,8.3,8.36,8.4,8.46,8.04,,,,,
1978-09-30,349.6,1333.5,7.313333333333333,7.6,6640.4969999999985,0.0,,8.64,8.57,8.41,8.43,8.42,8.42,8.57,,,,,
1978-12-31,355.4,1359.1,8.57,9.05,6729.755,0.0,,10.3,9.72,9.33,9.08,9.03,9.01,8.23,,,,,
1979-03-31,359.9,1377.8,9.383333333333336,9.45,6741.854,0.0,,10.25,9.79,9.38,9.2,9.15,9.12,7.97,,,,,
1979-06-30,369.6,1410.2,9.376666666666667,9.363333333333337,6749.063,0.0,,9.57,9.22,8.95,8.85,8.86,8.91,8.03,,,,,
1979-09-30,378.8,1446.6,9.673333333333332,9.643333333333333,6799.2,0.0,,10.84,10.06,9.69,9.41,9.38,9.33,7.78,,,,,
1979-12-31,380.8,1465.9,11.843333333333335,11.773333333333332,6816.203,0.0,,11.98,11.39,10.71,10.42,10.42,10.39,7.3,,,,,
1980-03-31,390.1,1494.6,13.353333333333332,13.243333333333332,6837.641,1.0,,15.82,14.88,14.05,13.47,13.0,12.75,7.73,,,,,
1980-06-30,384.8,1512.3,9.616666666666667,9.61,6696.7530000000015,1.0,,8.16,8.73,8.91,9.21,9.45,9.78,7.64,,,,,
1980-09-30,399.2,1561.5,9.153333333333334,9.346666666666666,6688.794,0.0,,11.52,11.57,11.57,11.62,11.57,11.51,7.57,,,,,
1980-12-31,410.7,1595.8,13.613333333333335,13.256666666666668,6813.535,0.0,,14.88,14.08,13.65,13.25,13.0,12.84,7.87,7.8,,,,
1981-03-31,414.8,1618.7,14.39,13.646666666666668,6947.042,0.0,,13.71,13.57,13.51,13.41,13.24,13.12,8.21,7.64,,,,
1981-06-30,424.7,1664.2,14.906666666666665,14.276666666666666,6895.559,0.0,,14.86,14.51,14.29,13.95,13.67,13.47,8.53,7.64,,,,
1981-09-30,426.9,1694.3,15.053333333333333,15.06,6978.135,1.0,,16.52,16.46,16.22,15.93,15.65,15.32,8.47,7.94,,,,
1981-12-31,431.3,1736.1,11.75,12.213333333333333,6902.105,1.0,,12.85,13.29,13.66,13.6,13.62,13.72,8.9,8.23,,,,
1982-03-31,441.9,1774.5,12.813333333333333,13.07,6794.8780000000015,1.0,13.31,13.95,14.19,14.13,13.98,13.93,13.86,9.08,8.5,,,,
1982-06-30,446.7,1815.4,12.42,12.553333333333333,6825.876,1.0,13.08,14.07,14.47,14.48,14.43,14.47,14.3,8.91,8.47,,,,
1982-09-30,451.4,1845.2,9.316666666666668,10.376666666666667,6799.781,1.0,8.19,10.85,11.78,12.03,12.25,12.36,12.34,9.21,8.88,,,,
1982-12-31,471.5,1883.7,7.906666666666667,8.263333333333334,6802.4969999999985,0.0,8.2,8.91,9.66,9.88,10.22,10.49,10.54,10.18,9.03,,,,
1983-03-31,484.3,1996.8,8.106666666666667,8.176666666666668,6892.144,0.0,8.66,9.04,9.66,9.84,10.08,10.31,10.51,12.49,8.92,,,,
1983-06-30,500.0,2043.1,8.396666666666668,8.47,7048.982,0.0,9.14,9.66,10.18,10.32,10.63,10.83,10.85,9.89,9.17,,,,
1983-09-30,510.5,2074.0,9.14,9.306666666666667,7189.896,0.0,9.36,10.16,10.79,11.07,11.43,11.61,11.65,11.47,10.12,,,,
1983-12-31,519.0,2112.3,8.799999999999997,8.976666666666668,7339.893,0.0,9.36,10.11,10.84,11.13,11.54,11.78,11.83,12.49,12.34,,,,
1984-03-31,527.5,2158.2,9.17,9.283333333333333,7483.371,0.0,9.89,10.59,11.31,11.59,12.02,12.25,12.32,12.94,9.81,,,,
1984-06-30,536.7,2204.1,9.796666666666667,10.22,7612.6680000000015,0.0,10.26,12.08,12.91,13.18,13.48,13.56,13.56,13.2,11.34,,,,
1984-09-30,541.0,2230.4,10.32,10.533333333333333,7686.059,0.0,10.8,11.58,12.2,12.34,12.53,12.6,12.52,15.07,12.4,11.39,,,
1984-12-31,547.5,2281.4,8.803333333333336,8.986666666666666,7749.151,0.0,8.34,9.33,10.18,10.56,11.07,11.45,11.5,13.73,12.69,9.266666666666666,,,
1985-03-31,563.6,2354.1,8.183333333333334,8.43,7824.2469999999985,0.0,8.83,9.86,10.71,11.05,11.52,11.82,11.86,13.75,12.96,8.476666666666665,-0.02231164897671456,-0.02231164897671456,-0.02231164897671456
1985-06-30,575.1,2389.5,7.46,7.656666666666666,7893.135999999998,0.0,7.18,7.8,8.69,9.05,9.6,10.08,10.16,14.18,14.67,7.923333333333333,0.07105375562996086,0.07105375562996086,0.07105375562996086
1985-09-30,596.2,2444.0,7.1066666666666665,7.263333333333333,8013.674,0.0,7.33,8.07,8.98,9.37,9.81,10.24,10.37,12.16,13.45,7.9,0.019934030187960472,0.019934030187960472,0.019934030187960472
1985-12-31,612.2,2477.8,7.166666666666668,7.256666666666668,8073.239,0.0,7.33,7.67,8.15,8.4,8.73,9.11,9.26,10.62,13.53,8.103333333333333,0.1431117597604663,0.1431117597604663,0.1431117597604663
1986-03-31,625.2,2512.9,6.8966666666666665,6.946666666666666,8148.603,0.0,6.76,7.03,7.21,7.3,7.46,7.67,7.78,10.8,13.92,7.826666666666665,0.13557692369510255,0.13557692369510255,0.13557692369510255
1986-06-30,652.0,2584.8,6.1400000000000015,6.18,8185.303000000001,0.0,6.4,6.73,7.18,7.41,7.64,7.75,7.8,11.12,12.07,6.92,-0.004859875725735541,-0.004859875725735541,-0.004859875725735541
1986-09-30,678.7,2646.5,5.5233333333333325,5.586666666666666,8263.639000000001,0.0,5.35,5.77,6.35,6.62,6.92,7.28,7.45,11.82,10.43,6.206666666666666,0.05768001002466017,0.05768001002466017,0.05768001002466017
1986-12-31,705.4,2701.3,5.3533333333333335,5.406666666666666,8308.021,0.0,5.68,5.87,6.27,6.43,6.67,6.97,7.11,12.02,10.63,6.266666666666667,0.14929359902351824,0.14929359902351824,0.14929359902351824
1987-03-31,730.7,2747.5,5.536666666666666,5.543333333333334,8369.93,0.0,5.77,6.03,6.42,6.58,6.79,7.06,7.25,12.45,10.93,6.22,0.059461393524218975,0.059461393524218975,0.059461393524218975
1987-06-30,745.8,2772.9,5.656666666666666,5.98,8460.233,0.0,5.85,6.8,7.57,7.82,8.02,8.27,8.4,13.54,11.63,6.65,0.12496280009665162,0.12496280009665162,0.12496280009665162
1987-09-30,744.9,2788.2,6.043333333333334,6.183333333333334,8533.635,0.0,6.62,7.67,8.34,8.67,8.94,9.26,9.42,12.42,11.88,6.843333333333333,-0.2249316790385354,-0.2249316790385354,-0.2249316790385354
1987-12-31,753.2,2818.9,5.863333333333332,6.413333333333334,8680.162,0.0,5.96,7.17,7.86,8.13,8.45,8.82,8.99,11.64,12.38,6.916666666666666,-0.01771232812465451,-0.01771232812465451,-0.01771232812465451
1988-03-31,757.7,2870.4,5.723333333333333,6.03,8725.006,0.0,5.87,6.71,7.27,7.5,7.83,8.19,8.37,12.06,13.44,6.663333333333333,0.037845587368897204,0.037845587368897204,0.037845587368897204
1988-06-30,771.7,2926.0,6.21,6.493333333333332,8839.641,0.0,6.66,7.49,8.03,8.22,8.49,8.78,8.92,10.57,12.29,7.156666666666666,0.04743325448478508,0.04743325448478508,0.04743325448478508
1988-09-30,783.3,2952.0,7.010000000000002,7.27,8891.435,0.0,7.48,8.09,8.46,8.57,8.69,8.87,8.98,10.8,11.52,7.9833333333333325,0.009357655591433867,0.009357655591433867,0.009357655591433867
1988-12-31,784.9,2980.2,7.7266666666666675,7.8599999999999985,9009.913,0.0,8.35,8.99,9.09,9.11,9.09,9.13,9.11,9.75,11.81,8.47,0.09013574795024937,0.09013574795024937,0.09013574795024937
1989-03-31,783.8,2992.2,8.54,8.586666666666666,9101.508,0.0,9.14,9.57,9.68,9.61,9.51,9.43,9.36,8.09,10.45,9.443333333333332,0.03265137930756956,0.03265137930756956,0.03265137930756956
1989-06-30,775.0,3011.6,8.409999999999998,8.33,9170.977,0.0,8.43,8.44,8.41,8.37,8.29,8.31,8.28,7.69,10.61,9.726666666666665,0.0999916727717911,0.0999916727717911,0.0999916727717911
1989-09-30,779.4,3074.4,7.843333333333334,7.696666666666667,9238.923,0.0,8.01,8.22,8.28,8.26,8.17,8.23,8.19,7.56,9.54,9.08333333333333,-0.005855627744730807,-0.005855627744730807,-0.005855627744730807
1989-12-31,787.9,3133.3,7.653333333333332,7.510000000000002,9257.128,0.0,7.88,7.72,7.78,7.77,7.75,7.85,7.84,7.28,7.96,8.613333333333333,-0.02061942829392105,-0.02061942829392105,-0.02061942829392105
1990-03-31,798.1,3179.2,7.760000000000002,7.7,9358.289,0.0,8.17,8.35,8.63,8.63,8.6,8.65,8.59,8.57,7.57,8.25,0.025562226409579836,0.025562226409579836,0.025562226409579836
1990-06-30,804.2,3200.6,7.746666666666667,7.743333333333332,9392.251,0.0,7.99,8.1,8.35,8.4,8.43,8.52,8.48,8.47,7.62,8.243333333333332,0.0935123760011729,0.0935123760011729,0.0935123760011729
1990-09-30,815.7,3242.0,7.4766666666666675,7.406666666666666,9398.499,1.0,7.6,7.76,8.08,8.27,8.51,8.79,8.89,8.96,7.37,8.16,-0.15932461820422217,-0.15932461820422217,-0.15932461820422217
1990-12-31,822.1,3262.6,6.989999999999998,6.963333333333334,9312.937,1.0,6.95,7.05,7.31,7.47,7.73,8.0,8.08,8.16,7.55,7.743333333333333,0.12040134036297112,0.12040134036297112,0.12040134036297112
1991-03-31,832.6,3304.5,6.0233333333333325,6.043333333333334,9269.367,0.0,6.09,6.4,7.1,7.35,7.77,8.0,8.11,8.2,8.57,6.426666666666667,0.055357690213483135,0.055357690213483135,0.055357690213483135
1991-06-30,848.8,3343.0,5.56,5.69,9341.642,0.0,5.75,6.36,6.96,7.39,7.94,8.17,8.28,8.38,9.59,5.863333333333332,0.04742247589107884,0.04742247589107884,0.04742247589107884
1991-09-30,866.8,3355.0,5.376666666666666,5.446666666666666,9388.845,0.0,5.37,5.57,6.18,6.5,7.14,7.48,7.65,7.8,9.12,5.643333333333333,0.014638897192082556,0.014638897192082556,0.014638897192082556
1991-12-31,887.6,3365.5,4.54,4.583333333333333,9421.565,0.0,4.18,4.38,5.03,5.39,6.19,6.69,7.09,7.39,8.63,4.816666666666666,0.0502752595461291,0.0502752595461291,0.0502752595461291
1992-03-31,925.2,3400.0,3.893333333333333,3.9933333333333336,9534.346,0.0,4.14,4.63,5.69,6.18,6.95,7.26,7.54,7.76,9.0,4.0233333333333325,0.04209846749570323,0.04209846749570323,0.04209846749570323
1992-06-30,950.6,3398.6,3.68,3.796666666666667,9637.732,0.0,3.75,4.17,5.05,5.6,6.48,6.9,7.26,7.56,9.06,3.77,0.010330133067681047,0.010330133067681047,0.010330133067681047
1992-09-30,973.7,3398.8,3.083333333333333,3.15,9732.979,0.0,2.97,3.18,3.89,4.42,5.38,5.96,6.42,6.88,9.01,3.256666666666667,-0.04935470492710825,-0.04935470492710825,-0.04935470492710825
1992-12-31,1015.7,3426.5,3.0700000000000003,3.2466666666666666,9834.51,0.0,3.29,3.71,4.67,5.21,6.08,6.46,6.77,7.1,9.17,3.0366666666666666,0.02594301513461006,0.02594301513461006,0.02594301513461006
1993-03-31,1033.5,3414.5,2.9599999999999995,3.0866666666666664,9850.973,0.0,3.01,3.33,3.95,4.4,5.19,5.66,5.98,6.4,8.27,3.04,0.035513609969788584,0.035513609969788584,0.035513609969788584
1993-06-30,1065.9,3436.9,2.966666666666667,3.08,9908.347,0.0,3.14,3.54,4.16,4.53,5.22,5.61,5.96,6.39,8.15,3.0,0.03265303800090469,0.03265303800090469,0.03265303800090469
1993-09-30,1094.2,3445.7,3.003333333333334,3.120000000000001,9955.641,0.0,3.01,3.36,3.85,4.17,4.73,5.08,5.36,5.68,7.9,3.06,0.03987040945572118,0.03987040945572118,0.03987040945572118
1993-12-31,1124.1,3470.1,3.06,3.203333333333333,10091.049,0.0,3.13,3.61,4.21,4.54,5.15,5.48,5.77,6.4,8.56,2.99,0.08090279326970795,0.08090279326970795,0.08090279326970795
1994-03-31,1136.3,3475.7,3.2433333333333336,3.453333333333333,10188.954,0.0,3.59,4.32,5.0,5.4,5.94,6.28,6.48,7.0,8.46,3.2133333333333334,-0.07457096844451139,-0.07457096844451139,-0.07457096844451139
1994-06-30,1143.3,3490.8,3.986666666666667,4.413333333333333,10327.019,0.0,4.25,5.27,5.93,6.27,6.7,6.91,7.1,7.51,9.03,3.94,0.0224924043922905,0.0224924043922905,0.0224924043922905
1994-09-30,1150.6,3485.7,4.476666666666667,4.89,10387.382,0.0,4.75,5.76,6.39,6.69,7.08,7.28,7.46,7.87,8.24,4.486666666666666,0.03815117997077966,0.03815117997077966,0.03815117997077966
1994-12-31,1150.9,3487.2,5.28,5.7733333333333325,10506.372,0.0,5.76,7.14,7.59,7.71,7.78,7.8,7.81,7.99,8.29,5.166666666666666,-0.01644269062265369,-0.01644269062265369,-0.01644269062265369
1995-03-31,1147.4,3489.9,5.736666666666667,6.043333333333332,10543.643999999998,0.0,5.91,6.43,6.78,6.89,7.05,7.14,7.2,7.57,8.47,5.81,0.12420064719072244,0.12420064719072244,0.12420064719072244
1995-06-30,1145.3,3524.2,5.596666666666668,5.62,10575.1,0.0,5.64,5.64,5.72,5.8,5.93,6.05,6.17,6.59,7.95,6.02,0.08960333263321507,0.08960333263321507,0.08960333263321507
1995-09-30,1145.4,3589.0,5.366666666666667,5.36,10665.06,0.0,5.43,5.62,5.81,5.89,6.0,6.13,6.2,6.65,7.7,5.796666666666666,0.009984084607828292,0.009984084607828292,0.009984084607828292
1995-12-31,1134.1,3619.9,5.260000000000002,5.239999999999998,10737.478,0.0,5.29,5.31,5.32,5.39,5.51,5.63,5.71,6.12,7.97,5.72,0.13454369016184975,0.13454369016184975,0.13454369016184975
1996-03-31,1118.5,3661.8,4.93,4.883333333333333,10817.896,0.0,5.1,5.34,5.66,5.79,5.97,6.19,6.27,6.74,7.84,5.363333333333332,0.03220956745331427,0.03220956745331427,0.03220956745331427
1996-06-30,1116.5,3709.6,5.02,5.1433333333333335,10998.322,0.0,5.23,5.81,6.3,6.49,6.69,6.83,6.91,7.22,7.34,5.243333333333333,-0.00721302646709765,-0.00721302646709765,-0.00721302646709765
1996-09-30,1101.6,3744.1,5.096666666666667,5.223333333333334,11096.976,0.0,5.24,5.83,6.23,6.41,6.6,6.73,6.83,7.17,7.44,5.306666666666667,0.09051869407877566,0.09051869407877566,0.09051869407877566
1996-12-31,1083.5,3790.0,4.976666666666667,5.073333333333333,11212.205,0.0,5.04,5.47,5.78,5.91,6.07,6.2,6.3,6.65,6.82,5.28,0.12998185156813413,0.12998185156813413,0.12998185156813413
1997-03-31,1078.8,3836.3,5.06,5.14,11284.587,0.0,5.28,5.8,6.22,6.38,6.54,6.65,6.69,7.05,6.81,5.276666666666666,0.028754964412003092,0.028754964412003092,0.028754964412003092
1997-06-30,1063.8,3879.1,5.046666666666667,5.266666666666667,11472.137,0.0,5.07,5.69,6.09,6.24,6.38,6.46,6.49,6.84,6.0,5.5233333333333325,0.17314875288914267,0.17314875288914267,0.17314875288914267
1997-09-30,1075.3,3947.3,5.046666666666667,5.133333333333334,11615.636,0.0,5.08,5.52,5.88,5.98,6.11,6.2,6.21,6.56,6.25,5.533333333333333,-0.09492125946953667,-0.09492125946953667,-0.09492125946953667
1997-12-31,1070.9,4004.6,5.09,5.166666666666667,11715.393,0.0,5.3,5.53,5.72,5.74,5.77,5.83,5.81,6.07,6.91,5.506666666666667,0.062401727453894607,0.062401727453894607,0.062401727453894607
1998-03-31,1077.8,4078.8,5.053333333333334,5.046666666666667,11832.486,0.0,5.16,5.39,5.56,5.57,5.61,5.71,5.65,6.01,7.4,5.52,0.14631886637576685,0.14631886637576685,0.14631886637576685
1998-06-30,1079.1,4154.0,4.976666666666667,5.1066666666666665,11942.032,0.0,5.12,5.41,5.52,5.52,5.52,5.56,5.5,5.8,7.71,5.5,-0.01986899747834725,-0.01986899747834725,-0.01986899747834725
1998-09-30,1075.9,4218.5,4.823333333333333,4.87,12091.614,0.0,4.74,4.71,4.67,4.62,4.62,4.76,4.81,5.38,7.87,5.533333333333333,-0.032779570262998936,-0.032779570262998936,-0.032779570262998936
1998-12-31,1094.9,4336.1,4.253333333333334,4.29,12287.0,0.0,4.5,4.52,4.51,4.48,4.45,4.65,4.65,5.36,7.45,4.86,0.0892366829868767,0.0892366829868767,0.0892366829868767
1999-03-31,1096.7,4415.2,4.406666666666667,4.413333333333333,12403.293,0.0,4.57,4.78,5.05,5.11,5.14,5.09,5.23,5.87,6.57,4.7333333333333325,0.15281931064888377,0.15281931064888377,0.15281931064888377
1999-06-30,1103.8,4474.9,4.453333333333333,4.583333333333333,12498.694,0.0,4.72,5.1,5.62,5.7,5.81,6.05,5.9,6.36,6.55,4.746666666666666,-0.01240978321667352,-0.01240978321667352,-0.01240978321667352
1999-09-30,1099.2,4541.2,4.65,4.776666666666666,12662.385,0.0,4.82,5.25,5.66,5.75,5.8,6.12,5.92,6.5,6.06,5.093333333333333,0.007011628954867177,0.007011628954867177,0.007011628954867177
1999-12-31,1110.7,4599.9,5.043333333333333,5.206666666666667,12877.593,0.0,5.36,5.84,6.1,6.14,6.19,6.38,6.28,6.69,6.6,5.306666666666667,0.01963398535384786,0.01963398535384786,0.01963398535384786
2000-03-31,1108.6,4669.0,5.5200000000000005,5.69,12924.178999999998,0.0,5.86,6.22,6.53,6.53,6.5,6.51,6.26,6.38,7.06,5.676666666666667,-0.018885749762049042,-0.018885749762049042,-0.018885749762049042
2000-06-30,1104.9,4743.1,5.713333333333334,5.96,13160.842,0.0,5.86,6.17,6.48,6.43,6.3,6.33,6.1,6.28,7.03,6.2733333333333325,-0.019743940830503015,-0.019743940830503015,-0.019743940830503015
2000-09-30,1100.2,4806.6,6.0166666666666675,6.0166666666666675,13178.419,0.0,6.18,6.13,6.08,6.02,5.93,5.98,5.8,6.09,6.55,6.52,0.0426877031679842,0.0426877031679842,0.0426877031679842
2000-12-31,1092.4,4869.0,6.0166666666666675,5.926666666666668,13260.506,0.0,5.94,5.6,5.35,5.26,5.17,5.28,5.24,5.64,6.93,6.473333333333333,-0.007636334846514603,-0.007636334846514603,-0.007636334846514603
2001-03-31,1101.2,5002.6,4.816666666666666,4.6466666666666665,13222.69,1.0,4.54,4.3,4.34,4.43,4.64,4.88,4.89,5.49,6.77,5.593333333333333,-0.0139970222416681,-0.0139970222416681,-0.0139970222416681
2001-06-30,1118.5,5121.1,3.66,3.640000000000001,13299.984,1.0,3.57,3.58,4.08,4.35,4.81,5.14,5.28,5.82,6.5,4.326666666666666,-0.019763461136400484,-0.019763461136400484,-0.019763461136400484
2001-09-30,1150.2,5225.2,3.17,3.123333333333333,13244.784,1.0,2.69,2.82,3.12,3.45,4.12,4.51,4.73,5.53,5.99,3.4966666666666666,-0.13757446738627988,-0.13757446738627988,-0.13757446738627988
2001-12-31,1171.0,5368.5,1.906666666666667,1.9266666666666667,13280.859,0.0,1.72,2.22,3.11,3.62,4.39,4.86,5.09,5.76,5.95,2.1333333333333333,0.09309612686634439,0.09309612686634439,0.09309612686634439
2002-03-31,1190.6,5471.4,1.72,1.85,13397.002,0.0,1.83,2.57,3.56,4.14,4.74,5.14,5.28,5.93,5.7,1.7333333333333332,0.0026431176411290114,0.0026431176411290114,0.0026431176411290114
2002-06-30,1189.3,5509.4,1.7133333333333332,1.856666666666667,13478.152,0.0,1.73,2.2,2.99,3.49,4.19,4.6,4.93,5.65,5.2,1.75,-0.1216170481048533,-0.1216170481048533,-0.1216170481048533
2002-09-30,1187.1,5619.4,1.643333333333333,1.63,13538.072,0.0,1.66,1.71,2.0,2.32,2.94,3.5,3.87,4.87,5.06,1.74,-0.03886637430200501,-0.03886637430200501,-0.03886637430200501
2002-12-31,1209.6,5738.4,1.3333333333333333,1.356666666666667,13559.032,0.0,1.21,1.45,1.84,2.23,3.03,3.63,4.03,5.01,5.58,1.4433333333333331,-0.04087399983582263,-0.04087399983582263,-0.04087399983582263
2003-03-31,1238.2,5828.5,1.1566666666666665,1.17,13634.253,0.0,1.15,1.24,1.57,1.98,2.78,3.34,3.81,4.82,6.04,1.25,0.05292895932200925,0.05292895932200925,0.05292895932200925
2003-06-30,1268.8,5946.6,1.04,1.0466666666666666,13751.543,0.0,0.94,1.01,1.23,1.51,2.27,2.84,3.33,4.34,6.07,1.2466666666666664,0.08887994996105841,0.08887994996105841,0.08887994996105841
2003-09-30,1296.4,6088.2,0.93,0.9966666666666668,13985.073,0.0,0.96,1.24,1.71,2.23,3.18,3.74,4.27,5.21,6.35,1.0166666666666664,0.06143952911918249,0.06143952911918249,0.06143952911918249
2003-12-31,1299.1,6056.1,0.9166666666666666,1.0033333333333332,14145.645,0.0,0.91,1.31,1.91,2.44,3.27,3.79,4.27,5.11,6.05,0.9966666666666664,0.07008894777327423,0.07008894777327423,0.07008894777327423
2004-03-31,1321.4,6101.6,0.9166666666666666,0.9833333333333334,14221.147,0.0,0.95,1.19,1.58,2.0,2.79,3.31,3.83,4.72,5.93,1.0033333333333332,-0.025028436324900483,-0.025028436324900483,-0.025028436324900483
2004-06-30,1333.3,6255.0,1.0766666666666669,1.3333333333333333,14329.523,0.0,1.29,2.12,2.76,3.26,3.93,4.35,4.73,5.45,5.83,1.01,-0.008396632106753343,-0.008396632106753343,-0.008396632106753343
2004-09-30,1354.3,6297.1,1.4866666666666666,1.75,14464.984,0.0,1.68,2.12,2.53,2.83,3.36,3.75,4.13,4.89,5.49,1.4333333333333331,-0.011069373229777413,-0.011069373229777413,-0.011069373229777413
2004-12-31,1374.2,6386.4,2.0066666666666664,2.233333333333333,14609.876,0.0,2.22,2.67,3.01,3.21,3.6,3.93,4.23,4.88,5.34,1.95,0.04612037887830778,0.04612037887830778,0.04612037887830778
2005-03-31,1371.1,6419.6,2.536666666666666,2.793333333333333,14771.602,0.0,2.8,3.3,3.73,3.91,4.17,4.33,4.5,4.89,5.67,2.47,-0.028353894474880348,-0.028353894474880348,-0.028353894474880348
2005-06-30,1366.0,6459.9,2.8633333333333333,3.0866666666666664,14839.782,0.0,3.04,3.36,3.64,3.68,3.77,3.86,4.0,4.35,5.48,2.9433333333333334,0.043993128316223595,0.043993128316223595,0.043993128316223595
2005-09-30,1377.8,6556.6,3.36,3.583333333333333,14972.053999999998,0.0,3.49,3.85,3.95,3.96,4.01,4.08,4.2,4.51,5.48,3.46,-0.0188743105670105,-0.0188743105670105,-0.0188743105670105
2005-12-31,1376.1,6641.2,3.826666666666666,4.1066666666666665,15066.597,0.0,3.97,4.35,4.4,4.39,4.39,4.41,4.47,4.73,5.4,3.98,0.040688427018642725,0.040688427018642725,0.040688427018642725
2006-03-31,1378.4,6734.8,4.3933333333333335,4.483333333333333,15267.026000000002,0.0,4.63,4.77,4.73,4.74,4.72,4.71,4.72,4.91,4.73,4.456666666666666,0.04622970564987905,0.04622970564987905,0.04622970564987905
2006-06-30,1387.2,6793.0,4.703333333333333,4.836666666666666,15302.705,0.0,4.92,5.16,5.12,5.09,5.07,5.08,5.11,5.29,5.15,4.906666666666666,-0.015963555091181414,-0.015963555091181414,-0.015963555091181414
2006-09-30,1372.4,6903.3,4.906666666666666,4.973333333333333,15326.368,0.0,4.93,4.97,4.77,4.69,4.67,4.68,4.72,4.93,4.85,5.246666666666666,0.08001755869696603,0.08001755869696603,0.08001755869696603
2006-12-31,1370.8,7014.3,4.903333333333333,4.916666666666667,15456.928,0.0,4.97,4.94,4.67,4.58,4.53,4.54,4.56,4.78,4.68,5.246666666666666,0.04477874598627474,0.04477874598627474,0.04477874598627474
2007-03-31,1363.0,7111.3,4.983333333333333,4.933333333333334,15493.328,0.0,5.08,4.92,4.57,4.51,4.48,4.5,4.56,4.81,4.72,5.256666666666667,0.034957260950663205,0.034957260950663205,0.034957260950663205
2007-06-30,1380.9,7231.0,4.736666666666667,4.8,15582.085,0.0,4.74,4.96,4.98,5.0,5.03,5.05,5.1,5.29,5.2,5.25,0.011412470591901425,0.011412470591901425,0.011412470591901425
2007-09-30,1376.3,7370.9,4.303333333333334,4.420000000000001,15666.738,0.0,3.99,4.14,4.01,4.06,4.2,4.33,4.52,4.84,4.79,5.073333333333332,0.05434605379530422,0.05434605379530422,0.05434605379530422
2007-12-31,1371.8,7427.8,3.39,3.5666666666666664,15761.967,1.0,3.07,3.26,3.12,3.13,3.49,3.74,4.1,4.57,4.53,4.496666666666666,-0.09186277938751586,-0.09186277938751586,-0.09186277938751586
2008-03-31,1380.4,7576.5,2.043333333333333,2.09,15671.383,1.0,1.28,1.54,1.62,1.8,2.48,2.93,3.51,4.36,4.39,3.1766666666666667,0.013420133994298311,0.013420133994298311,0.013420133994298311
2008-06-30,1393.4,7697.1,1.6266666666666667,1.8333333333333333,15752.308,1.0,1.89,2.42,2.77,3.08,3.49,3.73,4.1,4.74,4.69,2.086666666666667,-0.11248796737327094,-0.11248796737327094,-0.11248796737327094
2008-09-30,1407.4,7776.0,1.4933333333333332,1.82,15667.032,1.0,1.15,1.91,2.08,2.32,2.88,3.25,3.69,4.32,4.27,1.94,-0.18043647749122504,-0.18043647749122504,-0.18043647749122504
2008-12-31,1514.6,8004.6,0.2966666666666667,0.73,15328.027,1.0,0.03,0.49,0.82,1.07,1.52,1.89,2.42,3.18,2.87,0.5066666666666666,-0.14199984088252582,-0.14199984088252582,-0.14199984088252582
2009-03-31,1567.2,8291.6,0.21333333333333332,0.39,15155.94,1.0,0.22,0.64,0.93,1.31,1.82,2.42,2.82,3.78,3.64,0.1833333333333333,0.02090528478988829,0.02090528478988829,0.02090528478988829
2009-06-30,1617.5,8418.2,0.17333333333333334,0.32,15134.117,0.0,0.18,0.51,1.18,1.76,2.71,3.37,3.72,4.51,4.52,0.18,0.12285449046121055,0.12285449046121055,0.12285449046121055
2009-09-30,1660.0,8432.2,0.15666666666666665,0.2466666666666667,15189.222,0.0,0.12,0.4,0.96,1.48,2.37,3.02,3.4,4.14,4.19,0.15666666666666665,0.05899946642216447,0.05899946642216447,0.05899946642216447
2009-12-31,1683.0,8488.4,0.05666666666666668,0.16,15356.058,0.0,0.05,0.37,0.87,1.38,2.34,3.07,3.59,4.4,4.49,0.12,0.03650874593213227,0.03650874593213227,0.03650874593213227
2010-03-31,1699.8,8495.3,0.10666666666666663,0.18333333333333326,15415.145,0.0,0.15,0.4,0.96,1.51,2.43,3.16,3.73,4.49,4.64,0.1333333333333333,0.09349850126171644,0.09349850126171644,0.09349850126171644
2010-06-30,1710.1,8577.5,0.14666666666666667,0.21666666666666665,15557.277,0.0,0.12,0.32,0.72,1.17,2.0,2.66,3.2,3.95,4.13,0.19333333333333327,-0.04929504312062505,-0.04929504312062505,-0.04929504312062505
2010-09-30,1748.7,8656.5,0.15666666666666665,0.19333333333333336,15671.967,0.0,0.15,0.26,0.48,0.74,1.41,2.05,2.65,3.47,3.77,0.18666666666666665,0.06234984886112138,0.06234984886112138,0.06234984886112138
2010-12-31,1828.4,8757.4,0.1366666666666667,0.18333333333333332,15750.625,0.0,0.14,0.29,0.62,0.99,1.93,2.66,3.29,4.17,4.42,0.18666666666666665,0.06956335237268507,0.06956335237268507,0.06956335237268507
2011-03-31,1872.6,8871.4,0.12666666666666668,0.17,15712.754,0.0,0.1,0.26,0.7,1.17,2.11,2.8,3.41,4.27,4.51,0.15666666666666665,0.07724653400254788,0.07724653400254788,0.07724653400254788
2011-06-30,1938.0,9029.2,0.04666666666666667,0.10333333333333332,15825.096,0.0,0.04,0.18,0.41,0.71,1.58,2.29,3.0,3.91,4.23,0.09333333333333332,-0.05208990432631977,-0.05208990432631977,-0.05208990432631977
2011-09-30,2113.4,9515.1,0.02333333333333333,0.06000000000000001,15820.7,0.0,0.01,0.1,0.21,0.35,0.9,1.42,1.98,2.83,3.18,0.08333333333333333,-0.015500843627631822,-0.015500843627631822,-0.015500843627631822
2011-12-31,2166.8,9612.3,0.013333333333333334,0.05000000000000001,16004.107,0.0,0.01,0.12,0.26,0.39,0.89,1.43,1.98,2.67,2.98,0.07333333333333332,0.0567042941217788,0.0567042941217788,0.0567042941217788
2012-03-31,2209.9,9773.1,0.06666666666666668,0.11,16129.418,0.0,0.08,0.19,0.34,0.51,1.02,1.56,2.17,2.94,3.28,0.10333333333333332,0.0459688005240968,0.0459688005240968,0.0459688005240968
2012-06-30,2256.6,9903.8,0.08666666666666667,0.1466666666666667,16198.807,0.0,0.09,0.19,0.29,0.39,0.71,1.08,1.62,2.31,2.7,0.1533333333333333,-0.01551051428068817,-0.01551051428068817,-0.01551051428068817
2012-09-30,2348.8,10117.9,0.10333333333333332,0.14333333333333334,16220.667,0.0,0.11,0.18,0.26,0.34,0.67,1.12,1.72,2.49,2.88,0.1433333333333333,0.006747823384487983,0.006747823384487983,0.006747823384487983
2012-12-31,2423.5,10319.9,0.08666666666666667,0.1366666666666667,16239.138,0.0,0.07,0.16,0.26,0.35,0.7,1.13,1.72,2.47,2.88,0.16,0.05834554675656456,0.05834554675656456,0.05834554675656456
2013-03-31,2472.1,10468.2,0.08666666666666667,0.11333333333333333,16382.964,0.0,0.09,0.15,0.26,0.39,0.82,1.32,1.96,2.78,3.16,0.1433333333333333,0.07064781715407786,0.07064781715407786,0.07064781715407786
2013-06-30,2530.2,10611.3,0.05000000000000001,0.08666666666666667,16403.18,0.0,0.05,0.14,0.33,0.58,1.2,1.71,2.3,3.07,3.4,0.11666666666666665,0.04445748882526779,0.04445748882526779,0.04445748882526779
2013-09-30,2552.2,10780.4,0.03333333333333333,0.06000000000000001,16531.685,0.0,0.02,0.12,0.4,0.78,1.6,2.22,2.81,3.53,3.79,0.08333333333333333,0.0029813762785042552,0.0029813762785042552,0.0029813762785042552
2013-12-31,2625.0,10953.0,0.06333333333333334,0.09333333333333334,16663.648999999998,0.0,0.07,0.13,0.34,0.69,1.58,2.29,2.9,3.63,3.89,0.08666666666666666,0.00984832568386862,0.00984832568386862,0.00984832568386862
2014-03-31,2725.8,11148.7,0.04666666666666667,0.07666666666666667,16616.54,0.0,0.05,0.13,0.4,0.82,1.64,2.23,2.72,3.35,3.62,0.07333333333333332,0.05618183860391657,0.05618183860391657,0.05618183860391657
2014-06-30,2794.7,11314.8,0.03333333333333333,0.05333333333333334,16841.475,0.0,0.04,0.1,0.45,0.9,1.68,2.19,2.6,3.15,3.42,0.09333333333333332,-0.0010577909903848326,-0.0010577909903848326,-0.0010577909903848326
2014-09-30,2803.5,11457.6,0.02666666666666667,0.05,17047.098,0.0,0.02,0.11,0.57,1.05,1.77,2.22,2.53,3.01,3.26,0.09,0.049942868329053924,0.049942868329053924,0.049942868329053924
2014-12-31,2886.0,11590.6,0.02333333333333333,0.07666666666666667,17143.038,0.0,0.03,0.21,0.64,1.06,1.64,1.98,2.21,2.55,2.83,0.1,-0.012970878276402642,-0.012970878276402642,-0.012970878276402642
2015-03-31,3006.3,11852.5,0.02666666666666667,0.08666666666666667,17305.752,0.0,0.03,0.25,0.64,1.02,1.52,1.84,2.04,2.41,2.63,0.11,0.03935754795313984,0.03935754795313984,0.03935754795313984
2015-06-30,2986.4,11949.3,0.02,0.08666666666666667,17422.845,0.0,0.01,0.28,0.69,1.07,1.68,2.1,2.36,2.85,3.11,0.1233333333333333,-0.0084448300812211,-0.0084448300812211,-0.0084448300812211
2015-09-30,3029.5,12097.6,0.04,0.17333333333333334,17486.021,0.0,0.02,0.37,0.71,1.01,1.49,1.88,2.17,2.62,2.95,0.13666666666666666,-0.0014878757056258074,-0.0014878757056258074,-0.0014878757056258074
2015-12-31,3081.4,12274.2,0.12333333333333335,0.30666666666666664,17514.061999999998,0.0,0.23,0.65,0.98,1.28,1.7,2.04,2.24,2.61,2.97,0.16,-0.06778020405366358,-0.06778020405366358,-0.06778020405366358
2016-03-31,3128.9,12534.3,0.2866666666666667,0.44333333333333336,17613.264,0.0,0.3,0.66,0.88,1.04,1.38,1.68,1.89,2.28,2.68,0.36,0.0793948720716009,0.0793948720716009,0.0793948720716009
2016-06-30,3239.0,12756.0,0.25666666666666665,0.39333333333333337,17668.203,0.0,0.27,0.55,0.73,0.86,1.17,1.44,1.64,2.02,2.45,0.3733333333333333,0.03705485122016183,0.03705485122016183,0.03705485122016183
2016-09-30,3317.6,12969.7,0.29666666666666663,0.43,17764.388,0.0,0.29,0.59,0.77,0.9,1.18,1.46,1.63,2.02,2.35,0.39666666666666656,-0.015723553313145233,-0.015723553313145233,-0.015723553313145233
2016-12-31,3352.8,13169.7,0.43,0.5566666666666666,17876.179,0.0,0.51,0.87,1.2,1.49,1.96,2.29,2.49,2.84,3.11,0.45,0.09489747946536342,0.09489747946536342,0.09489747946536342
2017-03-31,3402.7,13341.1,0.59,0.7066666666666667,17977.299,0.0,0.75,1.01,1.31,1.59,2.01,2.3,2.48,2.83,3.08,0.7,0.05418923949969634,0.05418923949969634,0.05418923949969634
2017-06-30,3518.7,13530.5,0.89,1.0133333333333334,18054.052,0.0,1.0,1.2,1.34,1.49,1.77,2.01,2.19,2.54,2.8,0.95,0.045395713171388685,0.045395713171388685,0.045395713171388685
2017-09-30,3585.3,13673.8,1.0366666666666668,1.1233333333333333,18185.636,0.0,1.05,1.28,1.38,1.51,1.8,2.03,2.2,2.53,2.78,1.153333333333333,0.06788694006130713,0.06788694006130713,0.06788694006130713
2017-12-31,3628.1,13794.0,1.2066666666666668,1.3533333333333333,18359.432,0.0,1.34,1.7,1.84,1.96,2.18,2.32,2.4,2.6,2.77,1.203333333333333,0.11858330424171148,0.11858330424171148,0.11858330424171148
2018-03-31,3619.7,13892.8,1.5599999999999998,1.7366666666666666,18530.483,0.0,1.73,2.06,2.28,2.42,2.63,2.77,2.84,2.97,3.09,1.4466666666666668,-0.07595741952399704,-0.07595741952399704,-0.07595741952399704
2018-06-30,3658.0,14054.9,1.84,2.0033333333333334,18654.383,0.0,1.94,2.33,2.53,2.65,2.78,2.87,2.91,2.98,3.05,1.7366666666666668,0.051816052200972296,0.051816052200972296,0.051816052200972296
2018-09-30,3686.4,14197.0,2.04,2.1966666666666668,18752.355,0.0,2.17,2.56,2.77,2.84,2.89,2.96,3.0,3.08,3.15,1.9233333333333331,-0.011781524885097983,-0.011781524885097983,-0.011781524885097983
2018-12-31,3698.1,14245.4,2.316666666666667,2.4466666666666668,18813.923,0.0,2.41,2.66,2.68,2.67,2.68,2.75,2.83,2.98,3.1,2.22,-0.004622191209089022,-0.004622191209089022,-0.004622191209089022
2019-03-31,3759.6,14464.3,2.3866666666666667,2.4433333333333334,18950.347,0.0,2.45,2.49,2.41,2.37,2.37,2.47,2.57,2.8,2.98,2.4033333333333333,0.06373045080078965,0.06373045080078965,0.06373045080078965
2019-06-30,3792.4,14654.3,2.3000000000000003,2.283333333333333,19020.599,0.0,2.22,2.0,1.81,1.77,1.83,1.95,2.07,2.36,2.57,2.396666666666667,0.010204200044603873,0.010204200044603873,0.010204200044603873
2019-09-30,3853.2,14933.3,1.98,1.9166666666666667,19141.744,0.0,1.93,1.8,1.65,1.59,1.57,1.64,1.7,1.97,2.16,2.19,0.006773343968650369,0.006773343968650369,0.006773343968650369
2019-12-31,3947.4,15251.2,1.5766666666666669,1.57,19253.959,1.0,1.57,1.55,1.61,1.63,1.68,1.79,1.86,2.16,2.3,1.643333333333333,0.044730774197412115,0.044730774197412115,0.044730774197412115
2020-03-31,4003.1,15446.9,1.11,1.0933333333333335,19010.848,1.0,0.3,0.33,0.45,0.5,0.59,0.78,0.87,1.26,1.46,1.26,-0.1383884675691206,-0.1383884675691206,-0.1383884675691206
2020-06-30,5035.3,17868.6,0.14333333333333334,0.16666666666666666,17302.511000000002,1.0,0.16,0.18,0.19,0.22,0.34,0.55,0.73,1.27,1.49,0.06,0.08554273810195201,0.08554273810195201,0.08554273810195201
2020-09-30,5391.2,18404.0,0.11333333333333336,0.12666666666666668,,,0.11,0.13,0.13,0.16,0.27,0.46,0.68,1.21,1.42,0.09333333333333332,0.0027727564647366254,0.0027727564647366254,0.0027727564647366254
2020-12-31,5502.5,18648.3,0.1,0.11,,,0.1,0.13,0.15,0.19,0.34,0.55,0.79,1.34,1.57,,0.10421562851859156,0.10421562851859156,0.10421562851859156
